Programming Languages,Application Development,Databases and Data,Artificial Intelligence Skills,Data Science,Design,Version Control,APIs and Packages,Cloud Computing,"DevOps, CI, Static Analysis",IDEs,Blockchain and Crypto Skills,Ecommerce,Testing or Scraping,SEO,Operating Systems,Project and Product Management Skills,"Game Dev, VR/AR, 2D/3D Modeling",Network Engineering,Digital Marketing,Cybersecurity,Quantum Computing,Latex,Robotics Skills,Aviation,Medical Skills,Video / Audio Production Skills,Mathematics,Mathematics Skills,Statistics,Statistics Skills,Computer Science,Theoretical Computer Science Skills,Physics,Physics Skills,Electrical Engineering / Hardware,Electronics and Electrical Engineering Skills,Mechanical Engineering,Mechanical Engineering Skills,Civil and Environmental Engineering,Geographic Information Systems,Architecture,Materials Science,Materials Skills,Aeronautical Engineering,Astronomy,Astronomy Skills,Chemistry,Chemical Engineering,Chemical Engineering Skills,Biology,Biology Skills,Bioengineering,Human Biology,Medicine,Psychology,Psychology Skills,Social Science Research Methods,Education,Economics,Business,Financial Skills,Operations Research Skills,Humanities,Linguistic Skills,Law,Legal Skills,Arts and Activities
.Net,.Htaccess,Aggregation  Framework,Ai,Amplitude,.Obj Files,Bitbucket,Activemq,Amazon Cloudformation,Ansible, Atom Sdk,Bitcoin Core,Advertising,Apache Jmeter,Backlinks,Android Wear,Agile,3D Modeling,Active Directory,Admob,Aes,Signals,Latex,Autonomous Vehicles And Self Driving ...,,Signals And Systems,Casting,Abstract Algebra Groups And Rings,Combinations,Anova And Regression,Cluster Analysis,Advanced Hci,Accessibility,Advanced Mechanics,Dynamic,Analog And Digital Communication,Arduino,Additive Manufacturing 3D Printing,.Dxf Files,100P Renewable,Qgis,Acoustics,Advanced Batteries,Recycling,Aero Acoustics,Cosmology,,Advanced Inorganic Chemistry,Biotechnology,,Biostatistics,Amber Molecular Dynamics Software,Biochemical Engineering,Advanced Anatomy,Adolescent Medicine,Abnormal Psychology,Knowledge Representation I,Multimodal Analytics,Adolescent Self Directed Learning,Advanced Development Micro,Accounting Based Valuation,Actuate Espreadsheet,Openerp,Advanced Semantics,,Accounting Law,Ms Office,Cooking
Actionscript,.Net Core,Android Ndk,Artificial Intelligence,Bigdata,Adobe,Branch,Airflow,Amazon Elastic Beanstalk,Azure Devops Server,Android Studio,Blockchain,Domain Registration,Appium For Qa Testing,Boost,Architecture,Alfresco,3Dmax,Alamofire,Dynamics Crm,Certificate,,Tikz Pgf,Blueprism,,,Ffmpeg,Algebra,Excel Formula,Applied Multivariate Statistics,Graph,Algorithms,Activerecord,Atomic Physics,Reflection,Antennas,Arm,Advanced Dynamics,Ansys,3D Marine Estuarine Models,,African Architecture,Atomic Structure Of Solids,,Aerospace Navigation Systems,Extragalactic Astronomy,,Advanced Organic Chemistry,Biotechnology Of Biopolymers,,Cell Biology,Biopython,Biodesign,Advanced Histology,Advanced Otolaryngology,Affective Psychology,,Political Economy,Behavioral Design,Advanced Econometrics,Accounting Research,Bar Chart,Pareto Analysis,Anthropological Methods,,Acquittal,Ms Word,Dance
Ado.Net,3D Configurators (Verge3D),Android Sqlite,Autoencoders,Civis,Adobe Creative Cloud,Confluence,Ajax,Amazon Elastic Container Service,Circle Ci,Ckeditor,Blockchain And Cryptocurrency,Kajabi,Automated Testing,Canonical Url,Ascii,Asana,3Ds Max,Android Volley,Gmail,Character Encoding,,,Drones,,,Final Cut Pro,Algebra2,Math,Applied Statistics,Matlab,Approximation Algorithms,Aggregate,Black Holes,,Applied Quantum Mechanics,Autosys,Assistive Technology,Autocad,3D Seismic Imaging,,Analyzing Architecture,Biochips,,Aerospace Structures,Introductory Astronomy,,Biochemistry,Chemical Engineering Thermodynamics I,,Conservation Biology,Genomics,Biofabrication,Anatomy,Aerospace Medicine,Brain Networks,,Qualitative Research Methods,Bilingualism,Advanced Financial Economics,Advanced Financial Trading,Microsoft Excel,Pest Analysis,Archaeological Methods,,Adjudication,,Fashion
Ant,Activerecord,Apache Spark Sql,Bots,Classification,Adobe Illustrator,Fork,Android Camera,Amazon Elastic Kubernetes Service,Continuous Integration,Eclipse,Blockchain Api,Magento,Automated Tests,Duplicate Content,Asynchronous,Drools,Amazon Lumberyard,Bluetooth,Jekyll,Cloudflare,,,Lego Mindstorms,,,Pro Tools,Algebraic Curves And Riemann Surfaces,Matrix,Bayesian Statistics,Minitab,Artificial Intelligence (Theory),Annotations,Condensed Matter Physics,,Audio Encoders,Blackberry,Combustion,Autodesk,Advanced Structural Analysis,,Architectural Design I,Biomaterials For Regenerative Medicine,,Aircraft Design,Neutrinos In Astronomy,,Biophysical Chemistry,Chemical Engineering Thermodynamics Ii,,Development Biology,Microscopes,Bioinformatics,Biochemistry,Allergy And Immunology,Child Development,,Social Science Research And Field Methods,Counseling,Advanced Labor Econ,Advanced Marketing Management,Modal Logic,Sap,Archaeological Philosophy,,Administrative Hearings,,Film
Applescript,Ada Compliance,Attributes,Chatbots,Crystal Reports,Adobe Premiere Pro,Git,Android Messages Api,Amazon Elasticache,Developer Experience (Devex),Eclipse Rcp,Decentralized Systems,Odoo,Browser Automation,Google Adsense,Bios,Fogbuz,Animation,Bluetooth Low Energy,Outlook,Data Privacy,,,Logic Pro X,,,Sound Engineering,Algebraic Geometry,Sum,Causal Inference,Pivot Table,Automata Theory And Complexity,Append,Continuum Mechanics,,Audio Signal Processing,Components,Compressible Flow,Autodesk Revit,Agrecology,,Architectural Design Ii,Defects In Crystalline Solids,,Aircraft Stability,Observational Astrophysics,,Computational Chemistry,Chemical Kinetics,,Ecology,Proteomics,Biomedical Device Design,Biomechanics,Anesthesiology Career,Clinical Psychology,,Social Science Research Methods,Design Of Learning Environments,Advanced Macro,Advanced Organizational Behavior,Options,Swot Analysis,Ashtadhyayi Panini,,Administrative Law,,Hobbies
Assembly,Adb,Aurora,Chatfuel,Data Analytics,Adobe Xd,Github,Apple Metal Graphics,Amazon Redshift,Devops,Eclipselink,Defi,Opencart,Bugzilla,Google Analytics,Bitmap,G Suite,Architecture,Client,Phone2Action,Encoding,,,Quadrocopters,,,,Algebraic Topology,,Compessed Sensing,Power Bi,Blockchain And Cryptocurrency (Theory),Arguments,Electrodynamics,,Autonomous Robots,Cpu,Computational Mechanics,Digital Manufacturing,Air Quality,,Architectural Design Iii,Diffraction Physics,,Applied Aerodynamics,Stellar And Galactic Astrophysics,,Inorganic Chemistry,Chemical Process Dynamics And Controls,,Epigenetics,,Biomedical Engineering,Biophysics,Anesthesiology Handbook I,Cognitive Neuroscience,,Social Science Research Methods Ii,Design Of Learning Experience,Advanced Micro,Advanced People Analytics,Worksheet Function,,Civil Law,,Algorithms,,Music
Awk,Adobe Air,Aws Glue,Computational Linguistics,Data Engineering,Affinity Design,Gitlab,Asp.Net Core Webapi,Amazon S3,Devsecops,Editor,Ethereum,Prestashop,Capybara,Google Analytics Ui,Boot,Google Sheets,Augmented Reality Ar,Client Server,Rss,Encryption,,,Robotframework,,,,Arithmetic,,Compressed Sensing,Powerbi,Compilers,Arraylist,General Relativity,,Chip Testing,Cuda,Engineering Thermodynamics,Engine,Anaerobic Treatment,,Architectural Materials,Electronic And Optical Properties Of Solids,,Atmospheric And Space Flight,,,Introductory Chemistry,Electrochemical Energy Conversion,,Evolution,,Biomedical Informatics,Cytology,Anesthesiology Handbook Ii,Cognitive Psychology,,Social Science Statistics And Interactional Analysis,Developing Child Literacy,Auctions,Algorithmic Marketing,,,Communication,,Alternative Dispute Resolution,,Sport
Bash,Aem Developer,Azure Cosmosdb,Computer Vision,Data Mining,Alignment,Mercurial,Asp.Net Web Api,Amazon Web Services,Flow Js,Emacs,Hyperledger,Shopify,Chai,Google Index,Centos,Jira,Autodesk Maya,Consul,Sales Engineering,Hash,,,Robotics,,,,Calculus,,Continuous Time Stochastic Control,R For Statistics,Complexity,Arrays,Intro Mechanics E&M Light&Heat Modern,,Circuits,Embedded Software,Experimental Stress Analysis,Fmea Analysis,Aquatic Chemistry,,Architectural Theory I,Electronic Engineering Materials,,Attitude Determination,,,Organic Chemistry,Environmental Microbiology,,Fish Biology 1,,Biomedical Materials And Diagnostic Devices,Diagnosis,Anesthesiology I,Cross Cultural Psychology,,,Diversity In Education,Behavioral Economics,Algorithmic Matching,,,Communication Methods,,Animal Law,,Visual Arts
C,Aframe,Azure Sql Database,Conv Neural Network,Data Science,Animation,Perforce,Aws Api Gateway,Apache,Gitlab-Ci,Expo,Hyperledger Fabric,Solidus,Crash,Google Lighthouse,Cmake,Kaizen,Collision Detection,Cross Domain,Salesforce Development,Hashicorp Vault,,,Rpa Robotic Process Automation,,,,Chaos Theory,,Empirical Process Theory,R Markdown,Computational Logic,Authentication,Laser Physics,,Convex Optimization,Gpu,Failure Analysis,Generator,Atmosphere Dynamics,,Architectural Theory Ii,Fluid Phase Equilibria,,Classical Dynamics,,,Physical Chemistry,Fabrication Engineering,,Fish Biology 2,,Bionanotechnology,Dissection,Anesthesiology Ii,Developmental Psychology,,,Early Childhood Education,Behavioral Political Economy,Alphanomics,,,Comparative Government,,Anti Discrimination Law,,
C#,Akka,Blob,Core Ml,Data Visualization,Border,Repository,Axios,Apache Hadoop,Google Play,Ide,Ripple Api,Spree Commerce,Cross Browser,Google Rail Model,Debian,Kanban,Cryengine,Cross Platform,Salesforce Einstein,Passwords,,,Uipath,,,,Complex Analysis,,Function Estimation In White Noise,Statistics,Computer Cyber Security,Backup,Neutrino Physics,,Digital Image Processing,Gpu Accelerators,Fatigue Analysis And Design,Hypermesh,Bim Vdc,,Buddhist Architecture,Fuel Cells Solar Cells Storage,,Composite Materials,,,Polymer Synthesis,Heat And Mass Transfer,,Fungi,,Computational Biology,Embryology,Angiology,Developmental Psychology Reading,,,Economics Of Education,Development Economics,Angel And Venture Capital.Txt,,,Cultural Anthropology,,Antitrust And Monopoly Law,,
C++,Amqp Messaging Queues,Cassandra,Deep Learning,Dataframe,Canva,Svn,Beautifulsoup,Apache Kafka,Jenkins,Intellij Idea,Rsa,Woocommerce,Debugging,Google Search,Dialog,Lean,Game Mechanics,Distributed Systems,Salesforce Lightning,Red Team Development,,,,,,,Complex Differential Geometry,,Graphical Models,,Computer Graphics,Big O,Nuclear Physics,,Digital Signal Processing,Graphics Card,Feedback Control Systems,Solidworks,Borehole Seismic Processes,,Electives In Architecture,Inorganic Materials Synthesis,,Decision Making Under Uncertainty With Rl,,,Spectroscopy,Heterogenous Catalysis,,Genetics,,Computational Immunology,Endocrinology,Assistive Reproductive Technologues I,Health Psychology,,,Economics Of Higher Education,Econometrics,Arbitrage,,,Democratic Dialogue,,Appellate Litigation,,
C++ Cli,Anaconda,Cloudsql,Dialogflow Es,Datalake,Canvas,Tortoisesvn,Calendar,Apache Mesos,Jenkins Pipeline,Maven,Solidity,,Gruntjs,Google Search Console,Directory,Microsoft Project,Gltf 3D Scenes,Dns,Salesforce Pardot,Security,,,,,,,Differential Equations,,Information Theory,,Computer Networking,Binary,Odbc,,Digital Systems,Hard Drive,Fluid Mechanics,Sonar,Building Construction,,Exercises In Architecture,Introductory Materials Science,,Electric Propulsion,,,Xray Diffraction Crystallography,Heterogenous Catalysis,,Herpetology,,Computational Molecular Biology,Genetics,Assistive Reproductive Technology Ii,Introductory Psychology,,,Econophysics,Economics Of Contracts,Bargaining Theory,,,Digital Culture,,Arbitration,,
Clojure,Android Actionbar,Connection,Google Computer Vision Api,Dataset,Cgi,Version,Chartjs,Apache Spark,Jenkins Plugins,Mingw,,,Hp Quality Centre,Google Tag Manager,Distributed Memory Systems,Multithreading,Google Sketchup,File Io,Voc Strategy Analysis,Spring Security,,,,,,,Differential Geometry,,Information Theory,,Computer Sound,Binary Tree,Particle Physics,,Electromagnetics,Intel X86,Gas Dynamics,Stimulus,Carbon Sequestration,,Hindu Architecture,Kinetics For Materials Science,,Engineering Design Optimization,,,,Introductory Chemical Engineering,,Introductory Biology,,Computed Tomography,Histology,Autopsy Pathology,Learning And Memory,,,Edtech Handbook,Education Economics Handbook,Behavioral Finance,,,Diplomacy,,Arbitration,,
Cobol,Android Activity,Core Data,Google Nlp Api,Gnuplot,Coldfusion,Version Control,Cloudkit,Aws,Tfs,Netbeans,,,Integration Testing,Optimization,Dll,Oracle Bi,Libgdx,Firewall,,Ssl,,,,,,,Differential Topology,,Introductory Statistics,,Computer Systems,Binding,Plasma Physics,,Embedded Networked Systems,Labview,Gas Turbines,,Civil Engineering Design,,Indigenous Architecture,Kinetics Of Materials,,Flight Dynamics And Control,,,,Kinetics And Reactor Design,,Invertebrates,,Diagnostic Devices And Microfluidics,Introductory Human Biology,Cancer Systems,Minds And Machines,,,Education And Society,Exchange Rates,Behavioral Operations Management,,,English And Vocabulary,,Art,,
Coffeescript,Android Alertdialog,Couchbase,Googlebot,Grafana Visualization Software,Colors,,Cucumber,Aws Cloud Compliance,Travis,Notepad++,,,Jasmine,Ranking,Driver,Oracle Hcm,Lighting,Ftp,,Ssl Certificate,,,,,,,Ergodic Theory,,Large Deviations Theory,,Computer Systems,Bit Manipulation,Power Electronics,,Embedded Systems,Laptop,Haptics,,Climate Change,,Interior Design,Magnetic Nanomaterials,,Gps,,,,Microbial Energy,,Marine Biology,,Digital Health,Medical Behavioral Science,Cardiology,Mindset,,,Education Inequality,Financial Economics,Board Governance,,,English Morphosyntax,,Artificial Intelligence Law,,
Common Lisp,Android Animation,Couchdb,Keras,Histogram,Coreldraw,,D3,Aws Cloudfront,Version One,Phpstorm,,,Junit,Search Engine Indexing,Drivers,Powerpoint,Multiplayer,Get,,,,,,,,,Galois Theory,,Large Deviations Theory,,Computer Vision (Theory),Boolean,Quantum Field Theory,,Fourier Transform,Mac,Heat Transfer,,Climatology,,Islamic Architecture,Materials Characterization,,Introductory Aero Astro,,,,Microhydrodynamics,,Microbiology,,Functional Mri Analysis,Neuroanatomy,Cardiology Case Studies,Perception,,,Education Technology,Game Theory I,Branding I,,,Grammar,,Automation And Robotics Law,,
Css,Android Asynctask,Csv,Lightgbm,Ipython,Design Modo,,Discord,Aws Dynamodb,,Postman,,,Karma Jasmine,Search Engines,Environment Variables,Product Lifecycle Management,Opengl Es,Hdfs,,,,,,,,,Geometry,,Network Science,,Cryptography,Browser,Quantum Mechanics,,Green Electronics,Microcontrollers,Industrial Design,,Coastal Ecosystems,,Sustainable Architecture,Materials Chemistry,,Lightweight Structures,,,,Microkinetic Modeling,,Molecular Biology,,Genetic Engineering,Neuroscience,Cardiothoracic Surgery,Personality And Affect,,,Educational Design.Txt,Game Theory Ii,Branding Ii,,,Historical Method,,Banking,,
Cypher,Android Edittext,Data Binding,Lstm,Jmp,Design Patterns,,Discord.Js,Aws Ec2,,Pycharm,,,Load Runner,Seo,Exec,Product Management,Rhino,Hpc Architectures,,,,,,,,,Graph Theory And Combinatorics,,Nonparametric Methods,,Data Structures,Buffer,Quantum Optics,,Guided Waves,Mips,Interediate Fluid Mechanics,,Computational Civile,,Visualization,Materials Structure,,Optimal Feedback Control With Rl,,,,Molecular Thermodynamics,,Nanoengineered Biomaterials For Drug Delivery,,Human Anatomy Imaging,Nutrition And Bariatric Surgery,Child And Adolescent Psychiatry,Positive Psychology,,,Educational Museum Management,Game Theory Iii,Capital Markets,,,History,,Bankruptcy,,
Dart,Android Emulator,Data Structures,Machine Learning,Jupyter,Design Thinking,,Django Models,Aws Ecr,,Teamcity,,,Mocha,Serps,Filesystems,Scrum,Shaders,Http,,,,,,,,,Homotopy Theory,,Probability Theory,,Data Visualization (Theory),Byte,Solid State Physics,,High Frequency Circuits,Multiple Monitors,Intermediate Thermodynamics,,Computer Integrated Construction Aec,,Western And Christian Architecture,Microstructure And Properties Of Materials,,Optimal State Estimation And Filtration,,,,Nanostructured Materials For Energy Conversion,,Neurobiology,,In Vitro Diagnostic Devices,Patient Interviewing,Clinical Anesthesiology,Psychology Of Emotion,,,Educational Neuroscience,Incentives And Information,Career Development,,,International Relations,,Behavioral Law And Economics,,
Ecma,Android Fragments,Database Connection,Natural Language Processing,Knime,Drawing,,Django Queryset,Aws Elastic Beanstalk,,Tkinter,,,Nunit,,G++,Sharepoint,Sprites,Http Headers,,,,,,,,,Hyperbolic Geometry,,Qca,,Databases,C Preprocessor,Special Relativity,,Integrated Circuit Fabrication,Multiprocessors,Introductory Mechanical Engineering,,Coral Reefs,,World Architecture,Nanobiotechnology,,Orbital Mechanics,,,,Perrys Chemical Engineering Handbook Overview,,Neuroscience,,In Vivo Magnetic Resonance Spectroscopy,Photo Biology,Clinical Anesthesiology Ii,Psychology Research Methods,,,Educational Resilience,Industrial Organization,Conflict Management,,,Introductory Archaeology,,Bias,,
Ecmascript,Android Gradle Plugin,Database Design,Neural Network,Looker,Figma,,Dplyr,Aws Elasticmapreduce,,Vim,,,Performance Tools,,Garbage Collection,Sharepoint Online,Textures,Http Post,,,,,,,,,Lie Theory,,Sampling Theory And Methods,,Deep Learning (Theory),Case,Standard Model,,Interconnection Networks,Raspberry Pi,Land Sky Water Space Robots Handbook,,Critical Infrastructure.,,,Nanocharacterization Techniques,,Propulsion,,,,Plant And Process Design,,Ornithology,,Innate Immunity,Physical Examination,Clinical Dermatology,Reinvisioning Psychology,,,Educational Testing And Measurement,Intermediate Macro,Consumer Behavior,,,Journalism,,Biomedical Innovation,,
Elixir,Android Intent,Documentdb,,Matplotlib,Flash,,Ejb,Aws Elasticsearch,,Visual C++,,,Practitest,,Gcc,Trello,Tilemap,Httpclient,,,,,,,,,Linear Algebra,,Spatio Temporal Stats,,Discrete Mathematics,Cc.Complexity Theory,Statistical Mechanics,,Linear Dynamical Systems,Rfid,Manufacturing Processes,,Disaster Resilience,,,Nanomaterials Synthesis,,Rocket Propulsion,,,,Polymer Engineering,,Physiology,,Introductory Bioengineering,Physiology,Clinical Hemotology,Social Psychology,,,Environmental Education,Intermediate Micro,Contract Theory And Accounting,,,Lexical Semantics,,Blockchain And Cryptocurrencies,,
Elm,Android Layout,Dynamodb,,Numpy,Framer,,Elasticsearch,Aws Iot,,Visual Studio,,,Protractor,,Gdb,Uml,Tiles,Httprequest,,,,,,,,,Manifold Analysis,,Spectral Analysis,,Experimental Robotics,Char,String Theory,,Mechatronics,Risc-V,Material Behavior And Failure,,Earth Systems Data Analysis,,,Nanophotonics,,Sequential Decision Making,,,,Reaction Engineering,,Plant Microbe Interaction,,Macromolecules,Radiation Biology,Clinical Immunology,Theoretical Neuroscience,,,Esl,International Econ,Corporate Finance,,,Linguistic Syntax,,Bureaucracy,,
Erlang,Android Linearlayout,Entity,Nltk,Pandas,Framer X,,Facebook Api,Aws Key Management Service,,Xcode,,,Pytest,,Grep,Uml Diagrams,Unity,Https,,,,,,,,,Modern Algebra,,Statistical Inference,,Game Design,Character,Thermodynamics And Kinetic Theory,,Modern Coding Theory,Signal Processing,Mechanical Engineering Design,,Earthquake Engineering,,,Nanoscale Science Engineering Technology,,Smart Autonomous Aircraft,,,,Rheology,,Population Genetics,,Magnetic Resonance Relaxation,Sexology,Clinical Nephrology,,,,Gender Equality In Educationn,International Economics Handbook,Corporate Strategy,,,Linguistics Methods,,Business,,
F#,Android Listview,Etl Extract Transform Load,Ocr,Pandas Groupby,Gimp,,Facebook Graph Api,Aws Lambda,,,,,Python Selenium,,Group Policy,Vsto,Unity Augmented Reality Design And Deï¿½,Io,,,,,,,,,Multivariable Calculus,,Stochastic Processes,,Geometric Algorithms,Class,,,Modern Optics,Spice (Ic Design),Mechanical Measurement,,Electricity Economics,,,Neurotechnology,,Spacecraft Design,,,,Suspension Dynamics,,Stem Cell Biology,,Mathematical Systems Biology,Toxicology,Clinical Neurology,,,,Global Civic Education,International Trade,Creativity And Innovation,,,Lingustics Morphology,,Business Transactions,,
Focus,Android Manifest,Faunadb,Onnx,Plotly,Graphic Design,,Fullcalendar,Aws Rds,,,,,Qacoverage,,Gzip,,Unity Game Design And Development,Ip,,,,,,,,,Number Theory And Field Theory,,Survival Analysis,,Hci Design And Research,Cluster Computing,,,Morphometrics 2D 3D Imaging,Ssd,Mechanical Systems Design,,Energy,,,Organic Semiconductors,,Spacecraft Formation Flying,,,,,,Vertebrates,,Mechanobiology,,Clinical Neuropathology,,,,Global Education Policy,Labor Economics,Debt Markets,,,Literature,,Bystandards And Upstanders,,
Fortran,Android Native App Development,Field,Pytorch,Pydantic,Imagemagick,,Gem,Aws Redshift,,,,,Qtest,,Hackintosh,,Unreal Engine Game Development,Ip Randomization,,,,,,,,,Partial Differential Equations,,Survival Analysis,,Human Computer Interaction Hci,Collections,,,Nanooptics,Usb,Mechanics Of Materials,,Energy Efficient Buildings,,,Rate Processes,,Symmetry Analysis,,,,,,Veterinary Medicine,,Mechanosensitivity And Mechanotransduction,,Clinical Neurophysiology,,,,Global Health Education,Labor Economics Handbook,Decision Theory,,,Media Economics,,Campaigning Law,,
Glsl,Android Recyclerview,Firestore,Scikit Learn,Regression,Indesign,,Geolocation,Aws S3,,,,,Qtp/ Hp For Qa Testing,,Hook,,Virtual Reality Vr,Iptables,,,,,,,,,Prealgebra,,Theory Of Probability,,Introductory Computer Science,Compiler Errors,,,Nanophotonics,Verilog,Medical Robotics,,Engineering Economy,,,Thermodynamics For Sustinable Energy,,Viscous Flow,,,,,,,,Medical Devices,,Clinical Obgyn,,,,Higher Education,Macroeconomics,Disruptive Innovation,,,Media Effects Processes,,Capital Markets,,
Go,Android Service,Foreign Keys,Scikit-Learn,Rstudio,Inkscape,,Github Api,Aws Sdk,,,,,Quality Assurance Qa,,Ida,,Xna,Ldap,,,,,,,,,Precalculus,,Theory Of Probability,,Machine Learning (Theory),Compression,,,Nanotechnology,Vhdl,Mems,,Enhanced Surface Imaging Of Crustal Deformation,,,Transmission Electronic Microscopy,,,,,,,,,,Modeling Biological Systems,,Clinical Pathology,,,,How Learning Works,Market Design,Dynamic Asset Pricing,,,Media Psychology,,"Carrots, Sticks, Norms, Nudges",,
Groovy,Android Viewpager,Full Text Search,Speech Recognition,Sas,Interaction Design,,Google Api,Azure,,,,,Rspec,,Installation,,,Localhost,,,,,,,,,Real Analysis,,Theory Of Statistics,,Mathematical Foundations Of Computing,Concatenation,,,Nonlinear Optics,Windows Phone,Microfluidics,,Environmental Policy,,,Xray Microscopy,,,,,,,,,,Molecular Cellular Engineering,,Colorectal Surgery,,,,How People Learn,Microeconomics,Economic Policy,,,Metalogic,,Children And The Law,,
Haskell,Android Webview,Google Bigquery,Tensorflow,Scipy,Interop,,Google Calendar Api,Azure Active Directory,,,,,Scrapy,,Ios,,,Network Programming,,,,,,,,,Set Theory,,Time Series,,Natural Language Processing (Theory),Concurrency,,,Parallel Computing,,Nano And Micro Materials,,Extra Solar Planets,,,,,,,,,,,,,Molecular Motors,,Colorectal Surgery Handbook,,,,Identity Development,Political Development Economics,Economic Sociology,,,Metaphysics,,Civil Law,,
Hlsl,Android Widget,Graphql,Text To Speech,Seaborn,Invision,,Google Drive Api,Azure Functions,,,,,Seetest For Qa Testing,,Kernel,,,Networking,,,,,,,,,Symplectic Topology And Geometry,,,,Object Oriented Programming,Conditional,,,Photonics,,Nanoparticles,,Field Geophysics,,,,,,,,,,,,,Multicellular Systems,,Dermatology Handbook,,,,Introduction To Education,Public Economics,Efficient Market Hypothesis,,,Minimalist Syntax,,Civil Liberties,,
Html,Angular,Gson,Torch,Shiny,Layout,,Google Maps Api,Azure Pipelines,,,,,Selenium,,Keyboard Shortcuts,,,Openssl,,,,,,,,,Trigonometry,,,,Operating Systems,Conditional Statements,,,Self Programming Networks,,Nonequilibrium Processes,,Finite Element Procedures,,,,,,,,,,,,,Neural Engineering,,Developmental Pediatrics,,,,Knowledge Representation Ii,,Emerging Markets I,,,Philosophy,,Civil Procedure,,
Java,Angular Cli,Hbase,Web Crawlers,Subset,Material Design,,Google Maps Markers,Azure Storage,,,,,Selenium Chromedriver,,Linux,,,Openvpn,,,,,,,,,,,,,Optimization Theory,Configuration,,,Semiconductor Devices,,Optofluidics,,Fracture Mechanics,,,,,,,,,,,,,Neuromorphic Engineering,,Ecg I,,,,Learning And Cognition,,Emerging Markets Ii,,,Philosophy Formal Methods,,Civil Rights,,
Javascript,Angular Material,Hql,,Tableau,Movement,,Google Play Services,Big Table,,,,,Selenium Webdriver,,Linux Kernel,,,Port,,,,,,,,,,,,,Parallel And Distributed Computing,Constants,,,Signal Processing In Acoustics,,Precision Engineering,,Gas Injection Processes,,,,,,,,,,,,,Nuclear Medicine And Molecular Imaging,,Ecg Ii,,,,Learning And Instructional Design Technology,,Empirical Asset Pricing,,,Philosophy Logic,,Civil Society,,
Julia,Angular Ui Router,Ibm Db2,,Transform,Navigation,,Helm,Celery,,,,,Sinon,,Locking,,,Post,,,,,,,,,,,,,Probabilistic Graphical Models,Constructor,,,Signals And Systems,,Product Design.Txt,,Geodynamics,,,,,,,,,,,,,Optogenetics,,Emergency General Surgery,,,,Learning Sciences,,Empirical Corporate Finance,,,Phonetics And Phonology,,Clean Energy Law,,
Kotlin,Angularjs Ng,Influxdb,,Vega,Photoshop,,Instagram,Chef,,,,,Soap Ui,,Macos,,,Postfix,,,,,,,,,,,,,Programming Languages,Cookies,,,Statistical Signal Processing,,Product Realization,,Geomicrobiology,,,,,,,,,,,,,Protein Engineering,,Emergency Medicine,,,,Learning Spaces,,Empirical Dynamic Asset Pricing,,,Political Science Ethics And Justice,,Climate And Climate Change Law,,
Language Agnostic,Angularjs Scope,Inner Join,,Vega Lite,Plot,,Itext,Chef Infra,,,,,Sonarqube,,Malloc,,,Protocols,,,,,,,,,,,,,Pseudorandomness,Count,,,Touch,,Sensors,,Geomorphology,,,,,,,,,,,,,Quantitative Human Physiology,,Emergency Medicine Handbook,,,,Online Learning Environments,,Entrepreneurial Finance,,,Political Science Methods,,Collaborative Law,,
Less,Apache Camel,Jdbc,,,Prisma,,Jpa,Cloud Foundry,,,,,Tdd,,Memory,,,Proxy,,,,,,,,,,,,,Quantum Computing,Datetime,,,Vsli Systems,,Statics And Dynamics,,Geophysical Wave Propagation,,,,,,,,,,,,,Regenerative Medicine,,Endocrinology And Diabetes Handbook,,,,Personality Development,,Event Driven Investing,,,Politics Of Algorithms,,Commercial Law,,
Linq,Apache Flex,Json,,,Responsive Design,,Jqgrid,Cloud Migration,,,,,Testcaselab,,Memory Leaks,,,Raid,,,,,,,,,,,,,Randomized Algorithms,Debuggers,,,Wireless Communication,,Surgical Robotics,,Geophysics And Geosequestration,,,,,,,,,,,,,Soft Matter Physics,,Family Medicine Case Files,,,,Philosophy Of Education,,Family Business,,,Psycholinguistics,,Common Law,,
Lisp,Apache Pig,Left Join,,,Rotation,,Karma,Cloudops,,,,,Testing,,Memory Management,,,Redirect,,,,,,,,,,,,,Reinforcement Learning,Delegates,,,Wireless Networks,,Turbulence,,Geostatistics,,,,,,,,,,,,,Stem Cell Engineering,,Family Medicine I,,,,Playful Learning,,Financial Accounting,,,Semantics And Pragmatics,,Communications Law,,
Lua,Apache Poi,Leveldb,,,Segue,,Kibana,Confluent,,,,,Testlink,,Multiprocessing,,,Router,,,,,,,,,,,,,Robotics (Theory),Deserialization,,,,,Vehicle Dynamics And Control,,Geotechnical Engineering,,,,,,,,,,,,,Synthetic Biology And Metabolic Engineering,,Family Medicine Ii,,,,School And Community,,Financial Disclosure I,,,Sociolinguistic Theory,,Community Law,,
Markdown,Apex,Linq To Entities,,,Semantic-Ui,,Koin,Containers,,,,,Testlodge,,Multithreaded Programming,,,Routing,,,,,,,,,,,,,Statistical-Learning-Theory,Domain Drive Design,,,,,Vibration Dynamics And Control,,Geothermal Reservoir Engineering,,,,,,,,,,,,,Systems Biology,,Family Medicine Iii,,,,Science Education,,Financial Disclosure Ii,,,Sociolinguistics,,Computational Law,,
Objective C,Api,Linq To Sql,,,Service Design,,Location,Cpanel,,,,,Testrail,,Oscache,,,Serial Port,,,,,,,,,,,,,Web Applications,Enums,,,,,,,Gis,,,,,,,,,,,,,Systems Physiology,,Family Medicine Iv,,,,Self Regulation Of Learning,,Financial Markets I,,,Sociology,,Conciliation,,
Ocaml,Apk,Macros,,,Shader,,Mailchimp Api,Datadog Cloud Monitoring,,,,,Unit Testing,,Out Of Memory,,,Server,,,,,,,,,,,,,,Events,,,,,,,Glaciology,,,,,,,,,,,,,Tissue Engineering,,Family Planning,,,,Situated Learning,,Financial Markets Ii,,,Sociology Methods,,Conflict Of Laws,,
Perl,Apollo Graphql,Many To Many,,,Sketch,,Mailgun,Digital Ocean,,,,,Web Scrapers,,Parallel Processing,,,Signalr,,,,,,,,,,,,,,Exception,,,,,,,Human Exposure Analysis,,,,,,,,,,,,,Translational Bioinformatics,,Forensic Pathology,,,,Stem Education,,Financial Markets Iii,,,Syntactic Theory,,Conflict Resolution,,
Php,App Store,Mariadb,,,Sprite Kit,,Map,Docker,,,,,Web Scraping,,Partitioning,,,Sip Session Initiation Procol,,,,,,,,,,,,,,Expression,,,,,,,Hydrodynamics,,,,,,,,,,,,,Ultrasound Imaging And Therapy,,Forensic Psychiatry,,,,Stem Higher Education,,Financial Reporting,,,Urban Design,,Constitutional Law,,
Prolog,App Store Connect,Memcached,,,Storyboard,,Mapbox,Docker Compose,,,,,,,Pipe,,,Sms,,,,,,,,,,,,,,Filter,,,,,,,Hydrogeology,,,,,,,,,,,,,,,Gastroenterology Handbook,,,,Teaching Profession I,,Financial Trading,,,Urban Studies,,Contract Law,,
Purescript,Appium,Migration,,,Svg,,Mapkit,Dockerfile,,,,,,,Posix,,,Smtp,,,,,,,,,,,,,,Filtering,,,,,,,Hydrological Remote Sensing,,,,,,,,,,,,,,,General Surgery And Specialties,,,,Teaching Profession Ii,,Fintech,,,Urban Underclass,,Conviction,,
Python 3,Apple Push Notifications,Mongo Query,,,Textbox,,Maps,Domains,,,,,,,Process,,,Soap,,,,,,,,,,,,,,Floating Point,,,,,,,Hydrology I,,,,,,,,,,,,,,,Genetic Basis Of Cancer,,,,Urban Education,,Global Management,,,Writing,,Copyright,,
Qml,Applet,Mongodb,,,Textures,,Microsoft Directx,Etcd,,,,,,,Processing,,,Socket.Io,,,,,,,,,,,,,,Foreach,,,,,,,Hydrology Ii,,,,,,,,,,,,,,,Geriatric Psychiatry,,,,Writing Instruction,,Global Management Economics,,,,,Corporate Governance,,
Racket,Asp Classic,Mongodb Query,,,Toggle,,Microsoft Graph Api,Finance Cloud Compliance,,,,,,,Pug,,,Sockets,,,,,,,,,,,,,,Function,,,,,,,Igneous Rocks And Processes,,,,,,,,,,,,,,,Geriatrics Handbook,,,,,,Global Operations Management,,,,,Corporate Law,,
Ruby,Asp.Net,Mongoose,,,Tooltip,,Microsoft Office Api,Firebase Cloud Messaging,,,,,,,Redhat,,,Streaming,,,,,,,,,,,,,,Group By,,,,,,,Indoor Air Quality,,,,,,,,,,,,,,,Global Infectious Disease,,,,,,Global Value Chains,,,,,Corporate Reorganization,,
Rust,Asp.Net Ajax,Ms Access,,,Ui Design,,Module,Firebase Realtime Database,,,,,,,Registry,,,Subdomain,,,,,,,,,,,,,,Grouping,,,,,,,Industrialized Construction,,,,,,,,,,,,,,,Gynecologic Oncology,,,,,,Growing Businesses,,,,,Corporate Social Responsibility,,
Sass,Asp.Net Core,Mysql,,,Upstream Design Thinking,,Momentjs,Firebase Storage,,,,,,,Resources,,,Tcp/Ip,,,,,,,,,,,,,,Hashmap,,,,,,,Infrastructure,,,,,,,,,,,,,,,Gynecologic Oncology Ii,,,,,,Healthcare Management,,,,,Corruption,,
Sbt,Asp.Net Core Mvc,Mysql Workbench,,,Usability,,Mpi Library,Gdpr Compliance,,,,,,,Rtos,,,Timeout,,,,,,,,,,,,,,Hashtable,,,,,,,Instabilities In Multiphase Flows,,,,,,,,,,,,,,,Hematology,,,,,,Human Resource Management,,,,,Court Orders,,
Scala,Asp.Net Identity,Mysqli,,,Ux Design,,Mulesosoft,Google App Engine,,,,,,,Runtime,,,Udp,,,,,,,,,,,,,,Heap,,,,,,,Introductory Environmental Science,,,,,,,,,,,,,,,Hematopoiesis,,,,,,Ifrs,,,,,Criminal Defense,,
Scheme,Async Await,Neo4J,,,Ux Research,,Npm,Google Cloud,,,,,,,Scanf,,,Uri,,,,,,,,,,,,,,Hex,,,,,,,Isotope Geochemistry,,,,,,,,,,,,,,,Icu Medicine,,,,,,Incentives And Performance,,,,,Criminal Justice,,
Scripting,Auth0,Nhibernate,,,Vector,,Nuget,Google Cloud (Gcp) Composer,,,,,,,Scheduled Tasks,,,Video Streaming,,,,,,,,,,,,,,Hyperlink,,,,,,,Marine Chemistry,,,,,,,,,,,,,,,Immunological Bioinformatics,,,,,,Industrial Organization,,,,,Criminal Law,,
Swift,Authorization,Nosql,,,Zeplin,,Odata,Google Cloud Datastore,,,,,,,Sed,,,Vmware Esxi,,,,,,,,,,,,,,If Statement,,,,,,,Meteorology,,,,,,,,,,,,,,,Immunology And Disease,,,,,,Innovators Dilemma,,,,,Criminal Legal Histories,,
Tcl,Autocomplete,Onclick,,,,,Opengl,Google Cloud Firestore,,,,,,,Segmentation Fault,,,Vpn,,,,,,,,,,,,,,Indexing,,,,,,,Meterology,,,,,,,,,,,,,,,Infectious Diseases,,,,,,Institutional Investment,,,,,Criminal Procedure,,
Typescript,Autolayout,Oracle Sqldeveloper,,,,,Openmp,Google Cloud Functions,,,,,,,Shared Libraries,,,Web Server,,,,,,,,,,,,,,Inheritance,,,,,,,Multiphase Heat Transfer And Flow,,,,,,,,,,,,,,,Infectious Diseases Microbiology,,,,,,International Financial Reporting,,,,,Criminal Prosecution,,
Vb.Net,Automapper,Oracledb,,,,,Passport.Js,Google Cloud Platform,,,,,,,Ssh,,,Websockets,,,,,,,,,,,,,,Initialization,,,,,,,Near Surface Geophysics,,,,,,,,,,,,,,,Inpatient Endocrinology,,,,,,Interpersonal Dynamics,,,,,Criminal Reform,,
Vba,Avfoundation,Orm,,,,,Paypal Api,Google Cloud Storage,,,,,,,Subprocess,,,Wifi,,,,,,,,,,,,,,Int,,,,,,,Nonlinear Structural Analysis,,,,,,,,,,,,,,,Internal Medicine,,,,,,Introductory Accounting,,,,,Criminal Trial,,
Vbscript,Awt,Phpmyadmin,,,,,Phantomjs,Gooogle Compute Engine,,,,,,,Synchronization,,,Wireless Networking,,,,,,,,,,,,,,Interger,,,,,,,Nuclear Energy Engineering,,,,,,,,,,,,,,,Interventional Radiology,,,,,,Introductory Finance,,,,,Critical Race Theory,,
Visual Basic,Azure Web Sites,Plsql,,,,,Phpmailer,Government Cloud Compliance (Us Dod),,,,,,,Task,,,Xmlhttprequest,,,,,,,,,,,,,,Io,,,,,,,Oceanography,,,,,,,,,,,,,,,Introductory Gastroenterology,,,,,,Inventory Control,,,,,Customary Law,,
Webassembly,Babel Js,Postgis,,,,,Pip,Hadoop,,,,,,,Thread Safety,,,Xmpp,,,,,,,,,,,,,,Iteration,,,,,,,Oil And Gas Engineering,,,,,,,,,,,,,,,Introductory Geriatrics,,,,,,Inventory Management,,,,,Cybersecurity,,
Wsdl,Babeljs,Postgres,,,,,Pymongo,Heroku,,,,,,,Titanium,,,,,,,,,,,,,,,,,Iterator,,,,,,,Oil Recovery Processes,,,,,,,,,,,,,,,Introductory Immunology,,,,,,Investment Management Models,,,,,Deals And Deal Litigation,,
Xaml,Backbone,Postgresql,,,,,Pyspark,Hipaa Cloud Compliance,,,,,,,Ubuntu,,,,,,,,,,,,,,,,,Jackson,,,,,,,Optimization Of Energy Systems,,,,,,,,,,,,,,,Introductory Oncology,,,,,,Leadership,,,,,Death Penalty,,
Xhtml,Background Image,Prepared Statement,,,,,Python Imaging Library,Hosting,,,,,,,Unix,,,,,,,,,,,,,,,,,Join,,,,,,,Petroleum Engineering,,,,,,,,,,,,,,,Introductory Pathology,,,,,,Macroeconomics And Finance,,,,,Defamation,,
Xml,Batch File,Prometheusdb,,,,,Rapidapi,Ibm Cloud,,,,,,,Web Crawler,,,,,,,,,,,,,,,,,Label,,,,,,,Physical Geology,,,,,,,,,,,,,,,Introductory Pharmacology,,,,,,Managerial Accounting,,,,,Defense,,
Xpath,Behave,Protocol Buffers,,,,,Rubygems,Ibm Cloud Watson,,,,,,,Window,,,,,,,,,,,,,,,,,Linked List,,,,,,,Physical Oceonography,,,,,,,,,,,,,,,Introductory Psychiatry,,,,,,Managerial Economics,,,,,Derivatives And Stock Trading,,
Xsd,Blue State Digital,Query Optimization,,,,,Rxjs,Ibm Mobilefirst,,,,,,,Windows,,,,,,,,,,,,,,,,,Linker,,,,,,,Planetary Science,,,,,,,,,,,,,,,Maternal Fetal Medicine,,,,,,Managerial Finance,,,,,Digital Warrants,,
Xslt,Bootstrap,Realm,,,,,Rxswift,Kubernetes,,,,,,,Windows Installer,,,,,,,,,,,,,,,,,List,,,,,,,Planetary Surface Processes,,,,,,,,,,,,,,,Micro Rna,,,,,,Managerial Skills I,,,,,Disability Law,,
Yaml,Bootstrap Modal,Redis,,,,,Sails.Js,Lambda,,,,,,,Windows Services,,,,,,,,,,,,,,,,,Listener,,,,,,,Plasticity Modeling,,,,,,,,,,,,,,,Microbiology Immunology,,,,,,Managerial Skills Ii,,,,,Dispute Resolution,,
,Botframework,Relational Database,,,,,Salesforce,Logstash,,,,,,,Windows Xp,,,,,,,,,,,,,,,,,Load,,,,,,,Poromechanics,,,,,,,,,,,,,,,Molecular Basis Of Cancer,,,,,,Marketing Analytics,,,,,Dispute Systems,,
,Botkit,Reporting Services,,,,,Sendgrid Api,Mapreduce,,,,,,,,,,,,,,,,,,,,,,,,Localization,,,,,,,Probabilistic Design,,,,,,,,,,,,,,,Neonatalogy I,,,,,,Marketing Communications,,,,,Disruptive Tech,,
,Broadcastreceiver,Schema,,,,,Silverpop,Microservices,,,,,,,,,,,,,,,,,,,,,,,,Logic,,,,,,,Random Vibrations,,,,,,,,,,,,,,,Neonatology Ii,,,,,,Marketing Decision Models,,,,,Dress Codes,,
,Bubble,Schema.Org,,,,,Single Sign On,Mule,,,,,,,,,,,,,,,,,,,,,,,,Loops,,,,,,,Real Estate Development,,,,,,,,,,,,,,,Nephrology Care,,,,,,Marketing Management,,,,,Dropping Charges,,
,Build,Scylladb,,,,,Slack Api,Openshift,,,,,,,,,,,,,,,,,,,,,,,,Mapping,,,,,,,Reflection Seismology,,,,,,,,,,,,,,,Nephrology Handbook,,,,,,Marketing Research,,,,,Drugs,,
,Build.Gradle,Seqelize,,,,,Slack Api,Puppet,,,,,,,,,,,,,,,,,,,,,,,,Match,,,,,,,Reinforced Concrete Structures,,,,,,,,,,,,,,,Neuroimmunity,,,,,,Marketplaces,,,,,Dual Fiduciary,,
,Bulma,Sequelize.Js,,,,,Slackbots,Rancher,,,,,,,,,,,,,,,,,,,,,,,,Merge,,,,,,,Renewable Energy In Power Systems,,,,,,,,,,,,,,,Neurology,,,,,,Mergers And Acquisitions,,,,,Due Process,,
,Button,Snowflake,,,,,Spark Streaming,Serverless Architecture,,,,,,,,,,,,,,,,,,,,,,,,Methods,,,,,,,Renewable Power,,,,,,,,,,,,,,,Neuroradiology,,,,,,Monetization,,,,,Economic Development,,
,Caching,Sparql,,,,,Stripe Api,Servicenow,,,,,,,,,,,,,,,,,,,,,,,,Model,,,,,,,Reservoir Engineering,,,,,,,,,,,,,,,Neurosurgery,,,,,,Money And Banking,,,,,Economic Law,,
,Cakephp,Spring Data,,,,,Three.Js,Singularity Containerization,,,,,,,,,,,,,,,,,,,,,,,,Mpi,,,,,,,Reservoir Simulation,,,,,,,,,,,,,,,Neurosurgery Handbook,,,,,,Negotiation,,,,,Emotional Distress,,
,Callback,Sql,,,,,Twilio Api,Site Reliability,,,,,,,,,,,,,,,,,,,,,,,,Multidimensional Array,,,,,,,River Engineering,,,,,,,,,,,,,,,Nuclear Medicine,,,,,,New Venture Marketing,,,,,Employment Discrimination,,
,Carousel,Sql Order,,,,,Twitter Apis,Spring Boot,,,,,,,,,,,,,,,,,,,,,,,,Nested,,,,,,,Rock Physics,,,,,,,,,,,,,,,Obstetrics And Gynecology I,,,,,,Nonprofit Strategic Management,,,,,Employment Law,,
,Chart.Js,Sql Server,,,,,Uitableview,Squarespace,,,,,,,,,,,,,,,,,,,,,,,,Nodes,,,,,,,Safe Water,,,,,,,,,,,,,,,Obstetrics And Gynecology Ii,,,,,,Online Marketplaces,,,,,Energy Law,,
,Charts,Sql Update,,,,,Webgl,Ssis Sql Server Integration Services,,,,,,,,,,,,,,,,,,,,,,,,Null,,,,,,,Satellite Remote Sensing,,,,,,,,,,,,,,,Occupational Medicine,,,,,,Operations,,,,,Entertainment,,
,Chat,Sqlalchemy,,,,,Webkit,Storage,,,,,,,,,,,,,,,,,,,,,,,,Nullpointerexception,,,,,,,Sediment,,,,,,,,,,,,,,,Opthalmology,,,,,,Operations Management,,,,,Environmental Justice,,
,Checkbox,Sqlite,,,,,Webrtc,Vagrant,,,,,,,,,,,,,,,,,,,,,,,,Numbers,,,,,,,Seismic Reservoir Characterization,,,,,,,,,,,,,,,Opthalmology Handbook,,,,,,Operations Research,,,,,Environmental Law,,
,Chrome Extension Development,Ssas,,,,,Whatsapp Business Api,Virtualbox,,,,,,,,,,,,,,,,,,,,,,,,Object,,,,,,,Seismology,,,,,,,,,,,,,,,Oral And Maxillofacial Surgery Handbook,,,,,,Optimization And Simulation Modeling,,,,,Estates,,
,Clang,Ssms,,,,,Winapi,Web Hosting,,,,,,,,,,,,,,,,,,,,,,,,Operators,,,,,,,Sensor Networks,,,,,,,,,,,,,,,Oral Maxillofacial Surgery,,,,,,Organizational Behavior,,,,,Evidence,,
,Closures,Stitch,,,,,Wxpython,Whmcs Web Hosting Automation,,,,,,,,,,,,,,,,,,,,,,,,Outlook,,,,,,,Smart Cities,,,,,,,,,,,,,,,Orthopedic Surgery,,,,,,Organizational Behavior Processes,,,,,Facilitation,,
,Cmd,Subquery,,,,,Youtube,Whms,,,,,,,,,,,,,,,,,,,,,,,,Overloading,,,,,,,Smart Grid,,,,,,,,,,,,,,,Orthopedic Surgery Techniques,,,,,,Organizational Culture,,,,,Family Law,,
,Cocoa,Terraform,,,,,Zoho Development,,,,,,,,,,,,,,,,,,,,,,,,,Overriding,,,,,,,Soil Science,,,,,,,,,,,,,,,Otolaryngology,,,,,,Organizational Design,,,,,Federalism,,
,Cocoa Touch,Transact-Sql,,,,,Zoom,,,,,,,,,,,,,,,,,,,,,,,,,Parameter Passing,,,,,,,Solar Energy Engineering,,,,,,,,,,,,,,,Otorhinolaryngology,,,,,,Organizational Ecology,,,,,Filing Charges,,
,Cocoapods,Transactions,,,,,,,,,,,,,,,,,,,,,,,,,,,,,,Parameters,,,,,,,Solid Mechanics,,,,,,,,,,,,,,,Otorhinolaryngology Handbook I,,,,,,Pension Finance,,,,,Finance,,
,Cocoon,Triggers,,,,,,,,,,,,,,,,,,,,,,,,,,,,,,Parsing,,,,,,,Steel Structures,,,,,,,,,,,,,,,Otorhinolaryngology Handbook Ii,,,,,,People Analytics,,,,,Financial Crises,,
,Codeigniter,Xpages,,,,,,,,,,,,,,,,,,,,,,,,,,,,,,Path Finding,,,,,,,Structural Dynamics,,,,,,,,,,,,,,,Otorhinolaryngology Handbook Iii,,,,,,People Operations,,,,,Food Law,,
,Combobox,,,,,,,,,,,,,,,,,,,,,,,,,,,,,,,Pattern Matching,,,,,,,Structural Engineering,,,,,,,,,,,,,,,Oxford Textbook Of Medicine,,,,,,Personal Financial Planning,,,,,Foreclosure,,
,Command Line,,,,,,,,,,,,,,,,,,,,,,,,,,,,,,,Performance,,,,,,,Structural Health Monitoring,,,,,,,,,,,,,,,Palliative Care,,,,,,Personnel Economics,,,,,Free Speech,,
,Command Line Interface,,,,,,,,,,,,,,,,,,,,,,,,,,,,,,,Persistence,,,,,,,Sustainable Agriculture,,,,,,,,,,,,,,,Palliative Care Handbook,,,,,,Persuation,,,,,Gender And Orientation,,
,Comments,,,,,,,,,,,,,,,,,,,,,,,,,,,,,,,Pivot,,,,,,,Sustainable Development,,,,,,,,,,,,,,,Pediatric Allergy And Immunology,,,,,,Private Equity,,,,,Genetics,,
,Compilation,,,,,,,,,,,,,,,,,,,,,,,,,,,,,,,Pointers,,,,,,,Tectonophysics,,,,,,,,,,,,,,,Pediatric Cardiology,,,,,,Private Wealth Management,,,,,Habeas Corpus,,
,Compiler Construction,,,,,,,,,,,,,,,,,,,,,,,,,,,,,,,Polymorphism,,,,,,,Terrestrial Ecosystems,,,,,,,,,,,,,,,Pediatric Emergency Medicine,,,,,,Product Launch,,,,,Halakha Law,,
,Components,,,,,,,,,,,,,,,,,,,,,,,,,,,,,,,Preg Match,,,,,,,Vortex Dynamics,,,,,,,,,,,,,,,Pediatric Endocrinology,,,,,,Product Management,,,,,Hate Crimes,,
,Composer Php,,,,,,,,,,,,,,,,,,,,,,,,,,,,,,,Printing,,,,,,,Wastewater Treatment,,,,,,,,,,,,,,,Pediatric Gastroenterology,,,,,,Product Market Fit,,,,,Health Finance And Insurance,,
,Console,,,,,,,,,,,,,,,,,,,,,,,,,,,,,,,Procedural Generation,,,,,,,Water Resources,,,,,,,,,,,,,,,Pediatric Hematology,,,,,,Professional Sales Organizations,,,,,Health Law,,
,Console Applicarion,,,,,,,,,,,,,,,,,,,,,,,,,,,,,,,Profiling,,,,,,,Watersheds,,,,,,,,,,,,,,,Pediatric Infectious Diseases,,,,,,Quantum Finance,,,,,Health Safety And Quality Of Care,,
,Content  Management System,,,,,,,,,,,,,,,,,,,,,,,,,,,,,,,Properties,,,,,,,Wind Energy Engineering,,,,,,,,,,,,,,,Pediatric Nephrology,,,,,,Queuing Theory,,,,,Hearings,,
,Contentful,,,,,,,,,,,,,,,,,,,,,,,,,,,,,,,Prototype,,,,,,,,,,,,,,,,,,,,,,Pediatric Respiratory Medicine,,,,,,Revenue Management And Dynamic Pricing,,,,,Human Rights,,
,Controller,,,,,,,,,,,,,,,,,,,,,,,,,,,,,,,Pthreads,,,,,,,,,,,,,,,,,,,,,,Pediatric Rheumatology,,,,,,Sales,,,,,Human Trafficking,,
,Cordova,,,,,,,,,,,,,,,,,,,,,,,,,,,,,,,Python Requests,,,,,,,,,,,,,,,,,,,,,,Pediatric Surgery,,,,,,Scaling Excellence,,,,,Immigration Law,,
,Cordova Plugins,,,,,,,,,,,,,,,,,,,,,,,,,,,,,,,Queue,,,,,,,,,,,,,,,,,,,,,,Pharmacological Therapeutics,,,,,,Social Branding,,,,,Impeachment,,
,Cors,,,,,,,,,,,,,,,,,,,,,,,,,,,,,,,Random,,,,,,,,,,,,,,,,,,,,,,Preventive Cardiology,,,,,,Social Entrepreneurship,,,,,Indigenous Communities,,
,Crafter Cms,,,,,,,,,,,,,,,,,,,,,,,,,,,,,,,Range,,,,,,,,,,,,,,,,,,,,,,Psychiatric Diagnosis,,,,,,Social Movements,,,,,Inequality,,
,Cron,,,,,,,,,,,,,,,,,,,,,,,,,,,,,,,Recursion,,,,,,,,,,,,,,,,,,,,,,Pulmonology,,,,,,Social Network Analysis,,,,,Influence Of Philosophy,,
,Css Animations,,,,,,,,,,,,,,,,,,,,,,,,,,,,,,,Reference,,,,,,,,,,,,,,,,,,,,,,Radiology,,,,,,Social Psychology Of Organizations,,,,,Influence Of Psychology,,
,Css Flex,,,,,,,,,,,,,,,,,,,,,,,,,,,,,,,Regex,,,,,,,,,,,,,,,,,,,,,,Radiology Handbook,,,,,,Statistical Finance,,,,,Influence Of Tradition And Myth,,
,Css Float,,,,,,,,,,,,,,,,,,,,,,,,,,,,,,,Replace,,,,,,,,,,,,,,,,,,,,,,Reproductive Endocrinology,,,,,,Strategic Leadership,,,,,Influence Of Visuals,,
,Css Position,,,,,,,,,,,,,,,,,,,,,,,,,,,,,,,Request,,,,,,,,,,,,,,,,,,,,,,Respiratory Medicine Handbook,,,,,,Strategic Management,,,,,Information Privacy,,
,Css Preprocessors,,,,,,,,,,,,,,,,,,,,,,,,,,,,,,,Return,,,,,,,,,,,,,,,,,,,,,,Rheumatology,,,,,,Strategic Thinking I,,,,,Innovation,,
,Css Selectors,,,,,,,,,,,,,,,,,,,,,,,,,,,,,,,Scope,,,,,,,,,,,,,,,,,,,,,,Rheumatology Handbook,,,,,,Strategic Thinking Ii,,,,,Intellectual Property,,
,Css Transitions,,,,,,,,,,,,,,,,,,,,,,,,,,,,,,,Serialization,,,,,,,,,,,,,,,,,,,,,,Rna Interference,,,,,,Supply Chain Management,,,,,International Human Rights And Conflict,,
,Curl,,,,,,,,,,,,,,,,,,,,,,,,,,,,,,,Service,,,,,,,,,,,,,,,,,,,,,,Sports Medicine,,,,,,Taxes And Business Strategy,,,,,International Investment,,
,Cxf,,,,,,,,,,,,,,,,,,,,,,,,,,,,,,,Set,,,,,,,,,,,,,,,,,,,,,,Surgery,,,,,,Urban Economics,,,,,International Securities,,
,Cygwin,,,,,,,,,,,,,,,,,,,,,,,,,,,,,,,Sorting,,,,,,,,,,,,,,,,,,,,,,Surgery Case Files,,,,,,Valuation,,,,,International Taxes,,
,Data Semantic Layers,,,,,,,,,,,,,,,,,,,,,,,,,,,,,,,Stack,,,,,,,,,,,,,,,,,,,,,,Surgical Oncology,,,,,,Valuation In Emerging Markets,,,,,Internet And Telephony,,
,Datagrid,,,,,,,,,,,,,,,,,,,,,,,,,,,,,,,State,,,,,,,,,,,,,,,,,,,,,,Thoracic Surgery,,,,,,,,,,,Investigation,,
,Datagridview,,,,,,,,,,,,,,,,,,,,,,,,,,,,,,,Stored Procedures,,,,,,,,,,,,,,,,,,,,,,Thoracic Surgery Handbook,,,,,,,,,,,Jails And Prisons,,
,Datatable,,,,,,,,,,,,,,,,,,,,,,,,,,,,,,,Stream,,,,,,,,,,,,,,,,,,,,,,Translational Immunology,,,,,,,,,,,Judgement,,
,Datepicker,,,,,,,,,,,,,,,,,,,,,,,,,,,,,,,String,,,,,,,,,,,,,,,,,,,,,,Tumor Immunology,,,,,,,,,,,Jurisdiction,,
,Dbt,,,,,,,,,,,,,,,,,,,,,,,,,,,,,,,Struct,,,,,,,,,,,,,,,,,,,,,,Urogynecology,,,,,,,,,,,Jurisprudence,,
,Delphi,,,,,,,,,,,,,,,,,,,,,,,,,,,,,,,Structure,,,,,,,,,,,,,,,,,,,,,,Urology,,,,,,,,,,,Jury,,
,Dependency Injection,,,,,,,,,,,,,,,,,,,,,,,,,,,,,,,Switch Statement,,,,,,,,,,,,,,,,,,,,,,Urology Handbook,,,,,,,,,,,Land Use Law,,
,Deployment,,,,,,,,,,,,,,,,,,,,,,,,,,,,,,,Syntax,,,,,,,,,,,,,,,,,,,,,,Vascular And Interventional Radiology,,,,,,,,,,,Lawsuit,,
,Devexpress,,,,,,,,,,,,,,,,,,,,,,,,,,,,,,,Text Files,,,,,,,,,,,,,,,,,,,,,,Vascular Surgery,,,,,,,,,,,Lawyer-Supported Mediation,,
,Directx,,,,,,,,,,,,,,,,,,,,,,,,,,,,,,,This,,,,,,,,,,,,,,,,,,,,,,Vascular Surgery Handbook,,,,,,,,,,,Legal Bodies,,
,Django,,,,,,,,,,,,,,,,,,,,,,,,,,,,,,,Time Complexity,,,,,,,,,,,,,,,,,,,,,,,,,,,,,,,,,Legal Design,,
,Django Admin,,,,,,,,,,,,,,,,,,,,,,,,,,,,,,,Token,,,,,,,,,,,,,,,,,,,,,,,,,,,,,,,,,Legal Lags,,
,Django Forms,,,,,,,,,,,,,,,,,,,,,,,,,,,,,,,Tree,,,,,,,,,,,,,,,,,,,,,,,,,,,,,,,,,Legal Precedent,,
,Django Rest Framework,,,,,,,,,,,,,,,,,,,,,,,,,,,,,,,Treeview,,,,,,,,,,,,,,,,,,,,,,,,,,,,,,,,,Legal Proceedings,,
,Django Templates,,,,,,,,,,,,,,,,,,,,,,,,,,,,,,,Try Catch,,,,,,,,,,,,,,,,,,,,,,,,,,,,,,,,,Legal Process Outsourcing,,
,Django Views,,,,,,,,,,,,,,,,,,,,,,,,,,,,,,,Tuples,,,,,,,,,,,,,,,,,,,,,,,,,,,,,,,,,Legal Research,,
,Doctrine Orm,,,,,,,,,,,,,,,,,,,,,,,,,,,,,,,Type Conversion,,,,,,,,,,,,,,,,,,,,,,,,,,,,,,,,,Legal Services Markets,,
,Dojo,,,,,,,,,,,,,,,,,,,,,,,,,,,,,,,Typeerror,,,,,,,,,,,,,,,,,,,,,,,,,,,,,,,,,Legal Software,,
,Dom,,,,,,,,,,,,,,,,,,,,,,,,,,,,,,,Types,,,,,,,,,,,,,,,,,,,,,,,,,,,,,,,,,Legal Writing,,
,Dom Events,,,,,,,,,,,,,,,,,,,,,,,,,,,,,,,Undefined,,,,,,,,,,,,,,,,,,,,,,,,,,,,,,,,,Legislation,,
,Draft.Js,,,,,,,,,,,,,,,,,,,,,,,,,,,,,,,Unicode,,,,,,,,,,,,,,,,,,,,,,,,,,,,,,,,,Licensing,,
,Drag And Drop,,,,,,,,,,,,,,,,,,,,,,,,,,,,,,,Unique,,,,,,,,,,,,,,,,,,,,,,,,,,,,,,,,,Litigation,,
,Drop Down Menu,,,,,,,,,,,,,,,,,,,,,,,,,,,,,,,Validation,,,,,,,,,,,,,,,,,,,,,,,,,,,,,,,,,Local Law,,
,Drupal,,,,,,,,,,,,,,,,,,,,,,,,,,,,,,,Variables,,,,,,,,,,,,,,,,,,,,,,,,,,,,,,,,,Marginalized Communities,,
,Eclipse Plugin,,,,,,,,,,,,,,,,,,,,,,,,,,,,,,,Vectorization,,,,,,,,,,,,,,,,,,,,,,,,,,,,,,,,,Mediation,,
,Ef Code First,,,,,,,,,,,,,,,,,,,,,,,,,,,,,,,Virtual Machine,,,,,,,,,,,,,,,,,,,,,,,,,,,,,,,,,Medical Law,,
,Electron,,,,,,,,,,,,,,,,,,,,,,,,,,,,,,,Virtualization,,,,,,,,,,,,,,,,,,,,,,,,,,,,,,,,,Mental Health,,
,Electronic Health Records,,,,,,,,,,,,,,,,,,,,,,,,,,,,,,,Warnings,,,,,,,,,,,,,,,,,,,,,,,,,,,,,,,,,Mergers And Acquisitions,,
,Eloquent,,,,,,,,,,,,,,,,,,,,,,,,,,,,,,,Web,,,,,,,,,,,,,,,,,,,,,,,,,,,,,,,,,Mixed Systems,,
,Ember Data,,,,,,,,,,,,,,,,,,,,,,,,,,,,,,,While Loop,,,,,,,,,,,,,,,,,,,,,,,,,,,,,,,,,Moot Court,,
,Ember.Js,,,,,,,,,,,,,,,,,,,,,,,,,,,,,,,,,,,,,,,,,,,,,,,,,,,,,,,,,,,,,,,,Morals,,
,Emr Software,,,,,,,,,,,,,,,,,,,,,,,,,,,,,,,,,,,,,,,,,,,,,,,,,,,,,,,,,,,,,,,,Natural Resources Law,,
,Entity Framework,,,,,,,,,,,,,,,,,,,,,,,,,,,,,,,,,,,,,,,,,,,,,,,,,,,,,,,,,,,,,,,,Negotiation,,
,Entity Framework Core,,,,,,,,,,,,,,,,,,,,,,,,,,,,,,,,,,,,,,,,,,,,,,,,,,,,,,,,,,,,,,,,Negotiation,,
,Error Handling,,,,,,,,,,,,,,,,,,,,,,,,,,,,,,,,,,,,,,,,,,,,,,,,,,,,,,,,,,,,,,,,Net Neutrality,,
,Escaping,,,,,,,,,,,,,,,,,,,,,,,,,,,,,,,,,,,,,,,,,,,,,,,,,,,,,,,,,,,,,,,,Nonprofits,,
,Event Handling,,,,,,,,,,,,,,,,,,,,,,,,,,,,,,,,,,,,,,,,,,,,,,,,,,,,,,,,,,,,,,,,Nonviolence,,
,Exception Handling,,,,,,,,,,,,,,,,,,,,,,,,,,,,,,,,,,,,,,,,,,,,,,,,,,,,,,,,,,,,,,,,Organizational Behavior,,
,Expressionengine,,,,,,,,,,,,,,,,,,,,,,,,,,,,,,,,,,,,,,,,,,,,,,,,,,,,,,,,,,,,,,,,Organizations And Transactions,,
,Expressjs,,,,,,,,,,,,,,,,,,,,,,,,,,,,,,,,,,,,,,,,,,,,,,,,,,,,,,,,,,,,,,,,Parent Child Relationship,,
,Facebook Javascript Sdk,,,,,,,,,,,,,,,,,,,,,,,,,,,,,,,,,,,,,,,,,,,,,,,,,,,,,,,,,,,,,,,,Partnerships,,
,Fancybox,,,,,,,,,,,,,,,,,,,,,,,,,,,,,,,,,,,,,,,,,,,,,,,,,,,,,,,,,,,,,,,,Party-Directed Mediation,,
,Firebase,,,,,,,,,,,,,,,,,,,,,,,,,,,,,,,,,,,,,,,,,,,,,,,,,,,,,,,,,,,,,,,,Patent Law,,
,Firebase Authentication,,,,,,,,,,,,,,,,,,,,,,,,,,,,,,,,,,,,,,,,,,,,,,,,,,,,,,,,,,,,,,,,Patents,,
,Firefox Addon,,,,,,,,,,,,,,,,,,,,,,,,,,,,,,,,,,,,,,,,,,,,,,,,,,,,,,,,,,,,,,,,Payments,,
,Firefox Extension Development,,,,,,,,,,,,,,,,,,,,,,,,,,,,,,,,,,,,,,,,,,,,,,,,,,,,,,,,,,,,,,,,Philanthropy,,
,Flask,,,,,,,,,,,,,,,,,,,,,,,,,,,,,,,,,,,,,,,,,,,,,,,,,,,,,,,,,,,,,,,,Plaintiffs And Defendants,,
,Flexbox,,,,,,,,,,,,,,,,,,,,,,,,,,,,,,,,,,,,,,,,,,,,,,,,,,,,,,,,,,,,,,,,Police,,
,Fluent Nhibernate,,,,,,,,,,,,,,,,,,,,,,,,,,,,,,,,,,,,,,,,,,,,,,,,,,,,,,,,,,,,,,,,Poverty Law,,
,Flutter,,,,,,,,,,,,,,,,,,,,,,,,,,,,,,,,,,,,,,,,,,,,,,,,,,,,,,,,,,,,,,,,Prejudice,,
,Flutter Layout,,,,,,,,,,,,,,,,,,,,,,,,,,,,,,,,,,,,,,,,,,,,,,,,,,,,,,,,,,,,,,,,Privacy,,
,Flux,,,,,,,,,,,,,,,,,,,,,,,,,,,,,,,,,,,,,,,,,,,,,,,,,,,,,,,,,,,,,,,,Private Environmental Governance,,
,Forms,,,,,,,,,,,,,,,,,,,,,,,,,,,,,,,,,,,,,,,,,,,,,,,,,,,,,,,,,,,,,,,,Private Equity,,
,Fragment,,,,,,,,,,,,,,,,,,,,,,,,,,,,,,,,,,,,,,,,,,,,,,,,,,,,,,,,,,,,,,,,Procedural Law,,
,Frameworks,,,,,,,,,,,,,,,,,,,,,,,,,,,,,,,,,,,,,,,,,,,,,,,,,,,,,,,,,,,,,,,,Property Law,,
,Frontend,,,,,,,,,,,,,,,,,,,,,,,,,,,,,,,,,,,,,,,,,,,,,,,,,,,,,,,,,,,,,,,,Prosecution,,
,Functional Programming,,,,,,,,,,,,,,,,,,,,,,,,,,,,,,,,,,,,,,,,,,,,,,,,,,,,,,,,,,,,,,,,Public Health,,
,Gatsby,,,,,,,,,,,,,,,,,,,,,,,,,,,,,,,,,,,,,,,,,,,,,,,,,,,,,,,,,,,,,,,,Public Interest Litigation,,
,Generics,,,,,,,,,,,,,,,,,,,,,,,,,,,,,,,,,,,,,,,,,,,,,,,,,,,,,,,,,,,,,,,,Public Policy,,
,Glassfish,,,,,,,,,,,,,,,,,,,,,,,,,,,,,,,,,,,,,,,,,,,,,,,,,,,,,,,,,,,,,,,,"Race, Class, And Caste",,
,Gmail Add-Ons,,,,,,,,,,,,,,,,,,,,,,,,,,,,,,,,,,,,,,,,,,,,,,,,,,,,,,,,,,,,,,,,Real Estate,,
,Google Apps Script,,,,,,,,,,,,,,,,,,,,,,,,,,,,,,,,,,,,,,,,,,,,,,,,,,,,,,,,,,,,,,,,Receivership,,
,Google Chrome,,,,,,,,,,,,,,,,,,,,,,,,,,,,,,,,,,,,,,,,,,,,,,,,,,,,,,,,,,,,,,,,Reform,,
,Google Chrome Devtools,,,,,,,,,,,,,,,,,,,,,,,,,,,,,,,,,,,,,,,,,,,,,,,,,,,,,,,,,,,,,,,,Regulatory Economics,,
,Google Cloud Messaging,,,,,,,,,,,,,,,,,,,,,,,,,,,,,,,,,,,,,,,,,,,,,,,,,,,,,,,,,,,,,,,,Religion,,
,Google Maps,,,,,,,,,,,,,,,,,,,,,,,,,,,,,,,,,,,,,,,,,,,,,,,,,,,,,,,,,,,,,,,,Religious Freedom,,
,Google Oauth,,,,,,,,,,,,,,,,,,,,,,,,,,,,,,,,,,,,,,,,,,,,,,,,,,,,,,,,,,,,,,,,Religious Law,,
,Google Places Api,,,,,,,,,,,,,,,,,,,,,,,,,,,,,,,,,,,,,,,,,,,,,,,,,,,,,,,,,,,,,,,,Remedies,,
,Google Rail Performance Model,,,,,,,,,,,,,,,,,,,,,,,,,,,,,,,,,,,,,,,,,,,,,,,,,,,,,,,,,,,,,,,,Reproductive Law,,
,Google Scripts,,,,,,,,,,,,,,,,,,,,,,,,,,,,,,,,,,,,,,,,,,,,,,,,,,,,,,,,,,,,,,,,Restorative Justice,,
,Google Visualization,,,,,,,,,,,,,,,,,,,,,,,,,,,,,,,,,,,,,,,,,,,,,,,,,,,,,,,,,,,,,,,,Retrial,,
,Gradle,,,,,,,,,,,,,,,,,,,,,,,,,,,,,,,,,,,,,,,,,,,,,,,,,,,,,,,,,,,,,,,,Rhetoric,,
,Grails,,,,,,,,,,,,,,,,,,,,,,,,,,,,,,,,,,,,,,,,,,,,,,,,,,,,,,,,,,,,,,,,Risk And Liability,,
,Grid,,,,,,,,,,,,,,,,,,,,,,,,,,,,,,,,,,,,,,,,,,,,,,,,,,,,,,,,,,,,,,,,Securities Litigation And Regulation,,
,Gridview,,,,,,,,,,,,,,,,,,,,,,,,,,,,,,,,,,,,,,,,,,,,,,,,,,,,,,,,,,,,,,,,Sentencing And Corrections,,
,Grind Rocks For Node,,,,,,,,,,,,,,,,,,,,,,,,,,,,,,,,,,,,,,,,,,,,,,,,,,,,,,,,,,,,,,,,Service Of Process,,
,Gtk,,,,,,,,,,,,,,,,,,,,,,,,,,,,,,,,,,,,,,,,,,,,,,,,,,,,,,,,,,,,,,,,Sharia Or Fiqh Law,,
,Gui,,,,,,,,,,,,,,,,,,,,,,,,,,,,,,,,,,,,,,,,,,,,,,,,,,,,,,,,,,,,,,,,Sports,,
,Gulp,,,,,,,,,,,,,,,,,,,,,,,,,,,,,,,,,,,,,,,,,,,,,,,,,,,,,,,,,,,,,,,,Startup Law,,
,Gwt,,,,,,,,,,,,,,,,,,,,,,,,,,,,,,,,,,,,,,,,,,,,,,,,,,,,,,,,,,,,,,,,State Building,,
,Handlebars.Js,,,,,,,,,,,,,,,,,,,,,,,,,,,,,,,,,,,,,,,,,,,,,,,,,,,,,,,,,,,,,,,,Statistical Inference In Law,,
,Header,,,,,,,,,,,,,,,,,,,,,,,,,,,,,,,,,,,,,,,,,,,,,,,,,,,,,,,,,,,,,,,,Statutory Law And Interpretation,,
,Hibernate,,,,,,,,,,,,,,,,,,,,,,,,,,,,,,,,,,,,,,,,,,,,,,,,,,,,,,,,,,,,,,,,Strategic Litigation For Racial Justice,,
,Highcharts,,,,,,,,,,,,,,,,,,,,,,,,,,,,,,,,,,,,,,,,,,,,,,,,,,,,,,,,,,,,,,,,Suffering,,
,Hive,,,,,,,,,,,,,,,,,,,,,,,,,,,,,,,,,,,,,,,,,,,,,,,,,,,,,,,,,,,,,,,,Supreme Court Law,,
,Homebrew,,,,,,,,,,,,,,,,,,,,,,,,,,,,,,,,,,,,,,,,,,,,,,,,,,,,,,,,,,,,,,,,Surveillance,,
,Hover,,,,,,,,,,,,,,,,,,,,,,,,,,,,,,,,,,,,,,,,,,,,,,,,,,,,,,,,,,,,,,,,Sustainability Law,,
,Html Lists,,,,,,,,,,,,,,,,,,,,,,,,,,,,,,,,,,,,,,,,,,,,,,,,,,,,,,,,,,,,,,,,Taxation,,
,Html Parsing,,,,,,,,,,,,,,,,,,,,,,,,,,,,,,,,,,,,,,,,,,,,,,,,,,,,,,,,,,,,,,,,Tenant Law,,
,Html Table,,,,,,,,,,,,,,,,,,,,,,,,,,,,,,,,,,,,,,,,,,,,,,,,,,,,,,,,,,,,,,,,Torts,,
,Httpwebrequest,,,,,,,,,,,,,,,,,,,,,,,,,,,,,,,,,,,,,,,,,,,,,,,,,,,,,,,,,,,,,,,,Toxic Harms,,
,Icons,,,,,,,,,,,,,,,,,,,,,,,,,,,,,,,,,,,,,,,,,,,,,,,,,,,,,,,,,,,,,,,,Trade Law,,
,Iframe,,,,,,,,,,,,,,,,,,,,,,,,,,,,,,,,,,,,,,,,,,,,,,,,,,,,,,,,,,,,,,,,Trade Secrets,,
,Iis,,,,,,,,,,,,,,,,,,,,,,,,,,,,,,,,,,,,,,,,,,,,,,,,,,,,,,,,,,,,,,,,Trademarks,,
,Imageview,,,,,,,,,,,,,,,,,,,,,,,,,,,,,,,,,,,,,,,,,,,,,,,,,,,,,,,,,,,,,,,,Transitional Justice,,
,In App Purchase,,,,,,,,,,,,,,,,,,,,,,,,,,,,,,,,,,,,,,,,,,,,,,,,,,,,,,,,,,,,,,,,Trial,,
,Include,,,,,,,,,,,,,,,,,,,,,,,,,,,,,,,,,,,,,,,,,,,,,,,,,,,,,,,,,,,,,,,,Trial,,
,Insert,,,,,,,,,,,,,,,,,,,,,,,,,,,,,,,,,,,,,,,,,,,,,,,,,,,,,,,,,,,,,,,,Tribal Law,,
,Interface,,,,,,,,,,,,,,,,,,,,,,,,,,,,,,,,,,,,,,,,,,,,,,,,,,,,,,,,,,,,,,,,Trusts,,
,Interface Builder,,,,,,,,,,,,,,,,,,,,,,,,,,,,,,,,,,,,,,,,,,,,,,,,,,,,,,,,,,,,,,,,Unfair Competition,,
,Internationalization,,,,,,,,,,,,,,,,,,,,,,,,,,,,,,,,,,,,,,,,,,,,,,,,,,,,,,,,,,,,,,,,Urban Law,,
,Internet Explorer,,,,,,,,,,,,,,,,,,,,,,,,,,,,,,,,,,,,,,,,,,,,,,,,,,,,,,,,,,,,,,,,Venture Capital,,
,Internet Explorer Extension Development,,,,,,,,,,,,,,,,,,,,,,,,,,,,,,,,,,,,,,,,,,,,,,,,,,,,,,,,,,,,,,,,Video Games,,
,Ionic,,,,,,,,,,,,,,,,,,,,,,,,,,,,,,,,,,,,,,,,,,,,,,,,,,,,,,,,,,,,,,,,Violence,,
,Ionic Framework,,,,,,,,,,,,,,,,,,,,,,,,,,,,,,,,,,,,,,,,,,,,,,,,,,,,,,,,,,,,,,,,Voting,,
,Ios Native App Development,,,,,,,,,,,,,,,,,,,,,,,,,,,,,,,,,,,,,,,,,,,,,,,,,,,,,,,,,,,,,,,,Warrants,,
,Ios Simulator,,,,,,,,,,,,,,,,,,,,,,,,,,,,,,,,,,,,,,,,,,,,,,,,,,,,,,,,,,,,,,,,Water Law,,
,Iot,,,,,,,,,,,,,,,,,,,,,,,,,,,,,,,,,,,,,,,,,,,,,,,,,,,,,,,,,,,,,,,,Welfare State,,
,Ipad App Development,,,,,,,,,,,,,,,,,,,,,,,,,,,,,,,,,,,,,,,,,,,,,,,,,,,,,,,,,,,,,,,,White Collar Crime,,
,J2Ee,,,,,,,,,,,,,,,,,,,,,,,,,,,,,,,,,,,,,,,,,,,,,,,,,,,,,,,,,,,,,,,,Wrongful Convictions,,
,Jakarta Ee,,,,,,,,,,,,,,,,,,,,,,,,,,,,,,,,,,,,,,,,,,,,,,,,,,,,,,,,,,,,,,,,Youth And Education Law,,
,Jar,,,,,,,,,,,,,,,,,,,,,,,,,,,,,,,,,,,,,,,,,,,,,,,,,,,,,,,,,,,,,,,,Youth And The Law,,
,Jasper Reports,,,,,,,,,,,,,,,,,,,,,,,,,,,,,,,,,,,,,,,,,,,,,,,,,,,,,,,,,,,,,,,,,,
,Java Me,,,,,,,,,,,,,,,,,,,,,,,,,,,,,,,,,,,,,,,,,,,,,,,,,,,,,,,,,,,,,,,,,,
,Java Native Interface,,,,,,,,,,,,,,,,,,,,,,,,,,,,,,,,,,,,,,,,,,,,,,,,,,,,,,,,,,,,,,,,,,
,Java Stream,,,,,,,,,,,,,,,,,,,,,,,,,,,,,,,,,,,,,,,,,,,,,,,,,,,,,,,,,,,,,,,,,,
,Java.Util.Scanner,,,,,,,,,,,,,,,,,,,,,,,,,,,,,,,,,,,,,,,,,,,,,,,,,,,,,,,,,,,,,,,,,,
,Javafx,,,,,,,,,,,,,,,,,,,,,,,,,,,,,,,,,,,,,,,,,,,,,,,,,,,,,,,,,,,,,,,,,,
,Javamail,,,,,,,,,,,,,,,,,,,,,,,,,,,,,,,,,,,,,,,,,,,,,,,,,,,,,,,,,,,,,,,,,,
,Javascript Events,,,,,,,,,,,,,,,,,,,,,,,,,,,,,,,,,,,,,,,,,,,,,,,,,,,,,,,,,,,,,,,,,,
,Javascript Objects,,,,,,,,,,,,,,,,,,,,,,,,,,,,,,,,,,,,,,,,,,,,,,,,,,,,,,,,,,,,,,,,,,
,Jax Rs,,,,,,,,,,,,,,,,,,,,,,,,,,,,,,,,,,,,,,,,,,,,,,,,,,,,,,,,,,,,,,,,,,
,Jaxb,,,,,,,,,,,,,,,,,,,,,,,,,,,,,,,,,,,,,,,,,,,,,,,,,,,,,,,,,,,,,,,,,,
,Jboss,,,,,,,,,,,,,,,,,,,,,,,,,,,,,,,,,,,,,,,,,,,,,,,,,,,,,,,,,,,,,,,,,,
,Jersey,,,,,,,,,,,,,,,,,,,,,,,,,,,,,,,,,,,,,,,,,,,,,,,,,,,,,,,,,,,,,,,,,,
,Jestjs,,,,,,,,,,,,,,,,,,,,,,,,,,,,,,,,,,,,,,,,,,,,,,,,,,,,,,,,,,,,,,,,,,
,Jetpack,,,,,,,,,,,,,,,,,,,,,,,,,,,,,,,,,,,,,,,,,,,,,,,,,,,,,,,,,,,,,,,,,,
,Jetty,,,,,,,,,,,,,,,,,,,,,,,,,,,,,,,,,,,,,,,,,,,,,,,,,,,,,,,,,,,,,,,,,,
,Jframe,,,,,,,,,,,,,,,,,,,,,,,,,,,,,,,,,,,,,,,,,,,,,,,,,,,,,,,,,,,,,,,,,,
,Jitsi Videobridge,,,,,,,,,,,,,,,,,,,,,,,,,,,,,,,,,,,,,,,,,,,,,,,,,,,,,,,,,,,,,,,,,,
,Jmeter,,,,,,,,,,,,,,,,,,,,,,,,,,,,,,,,,,,,,,,,,,,,,,,,,,,,,,,,,,,,,,,,,,
,Jms,,,,,,,,,,,,,,,,,,,,,,,,,,,,,,,,,,,,,,,,,,,,,,,,,,,,,,,,,,,,,,,,,,
,Joomla,,,,,,,,,,,,,,,,,,,,,,,,,,,,,,,,,,,,,,,,,,,,,,,,,,,,,,,,,,,,,,,,,,
,Jpanel,,,,,,,,,,,,,,,,,,,,,,,,,,,,,,,,,,,,,,,,,,,,,,,,,,,,,,,,,,,,,,,,,,
,Jquery,,,,,,,,,,,,,,,,,,,,,,,,,,,,,,,,,,,,,,,,,,,,,,,,,,,,,,,,,,,,,,,,,,
,Jquery Animate,,,,,,,,,,,,,,,,,,,,,,,,,,,,,,,,,,,,,,,,,,,,,,,,,,,,,,,,,,,,,,,,,,
,Jquery Mobile,,,,,,,,,,,,,,,,,,,,,,,,,,,,,,,,,,,,,,,,,,,,,,,,,,,,,,,,,,,,,,,,,,
,Jquery Plugins,,,,,,,,,,,,,,,,,,,,,,,,,,,,,,,,,,,,,,,,,,,,,,,,,,,,,,,,,,,,,,,,,,
,Jquery Selectors,,,,,,,,,,,,,,,,,,,,,,,,,,,,,,,,,,,,,,,,,,,,,,,,,,,,,,,,,,,,,,,,,,
,Jquery Ui,,,,,,,,,,,,,,,,,,,,,,,,,,,,,,,,,,,,,,,,,,,,,,,,,,,,,,,,,,,,,,,,,,
,Jquery Validate,,,,,,,,,,,,,,,,,,,,,,,,,,,,,,,,,,,,,,,,,,,,,,,,,,,,,,,,,,,,,,,,,,
,Jsf,,,,,,,,,,,,,,,,,,,,,,,,,,,,,,,,,,,,,,,,,,,,,,,,,,,,,,,,,,,,,,,,,,
,Json.Net,,,,,,,,,,,,,,,,,,,,,,,,,,,,,,,,,,,,,,,,,,,,,,,,,,,,,,,,,,,,,,,,,,
,Jsoup,,,,,,,,,,,,,,,,,,,,,,,,,,,,,,,,,,,,,,,,,,,,,,,,,,,,,,,,,,,,,,,,,,
,Jsp,,,,,,,,,,,,,,,,,,,,,,,,,,,,,,,,,,,,,,,,,,,,,,,,,,,,,,,,,,,,,,,,,,
,Jstl,,,,,,,,,,,,,,,,,,,,,,,,,,,,,,,,,,,,,,,,,,,,,,,,,,,,,,,,,,,,,,,,,,
,Jsx,,,,,,,,,,,,,,,,,,,,,,,,,,,,,,,,,,,,,,,,,,,,,,,,,,,,,,,,,,,,,,,,,,
,Jtable,,,,,,,,,,,,,,,,,,,,,,,,,,,,,,,,,,,,,,,,,,,,,,,,,,,,,,,,,,,,,,,,,,
,Jupyter Notebook,,,,,,,,,,,,,,,,,,,,,,,,,,,,,,,,,,,,,,,,,,,,,,,,,,,,,,,,,,,,,,,,,,
,Jvm,,,,,,,,,,,,,,,,,,,,,,,,,,,,,,,,,,,,,,,,,,,,,,,,,,,,,,,,,,,,,,,,,,
,Jwt,,,,,,,,,,,,,,,,,,,,,,,,,,,,,,,,,,,,,,,,,,,,,,,,,,,,,,,,,,,,,,,,,,
,Kendo Grid,,,,,,,,,,,,,,,,,,,,,,,,,,,,,,,,,,,,,,,,,,,,,,,,,,,,,,,,,,,,,,,,,,
,Kendo Ui,,,,,,,,,,,,,,,,,,,,,,,,,,,,,,,,,,,,,,,,,,,,,,,,,,,,,,,,,,,,,,,,,,
,Kivy,,,,,,,,,,,,,,,,,,,,,,,,,,,,,,,,,,,,,,,,,,,,,,,,,,,,,,,,,,,,,,,,,,
,Knockoutjs,,,,,,,,,,,,,,,,,,,,,,,,,,,,,,,,,,,,,,,,,,,,,,,,,,,,,,,,,,,,,,,,,,
,Laravel,,,,,,,,,,,,,,,,,,,,,,,,,,,,,,,,,,,,,,,,,,,,,,,,,,,,,,,,,,,,,,,,,,
,Lazy Loading,,,,,,,,,,,,,,,,,,,,,,,,,,,,,,,,,,,,,,,,,,,,,,,,,,,,,,,,,,,,,,,,,,
,Leaflet,,,,,,,,,,,,,,,,,,,,,,,,,,,,,,,,,,,,,,,,,,,,,,,,,,,,,,,,,,,,,,,,,,
,Liferay,,,,,,,,,,,,,,,,,,,,,,,,,,,,,,,,,,,,,,,,,,,,,,,,,,,,,,,,,,,,,,,,,,
,Links,,,,,,,,,,,,,,,,,,,,,,,,,,,,,,,,,,,,,,,,,,,,,,,,,,,,,,,,,,,,,,,,,,
,Linq To Xml,,,,,,,,,,,,,,,,,,,,,,,,,,,,,,,,,,,,,,,,,,,,,,,,,,,,,,,,,,,,,,,,,,
,List Comprehension,,,,,,,,,,,,,,,,,,,,,,,,,,,,,,,,,,,,,,,,,,,,,,,,,,,,,,,,,,,,,,,,,,
,Listview,,,,,,,,,,,,,,,,,,,,,,,,,,,,,,,,,,,,,,,,,,,,,,,,,,,,,,,,,,,,,,,,,,
,Llvm,,,,,,,,,,,,,,,,,,,,,,,,,,,,,,,,,,,,,,,,,,,,,,,,,,,,,,,,,,,,,,,,,,
,Local Storage,,,,,,,,,,,,,,,,,,,,,,,,,,,,,,,,,,,,,,,,,,,,,,,,,,,,,,,,,,,,,,,,,,
,Lodash,,,,,,,,,,,,,,,,,,,,,,,,,,,,,,,,,,,,,,,,,,,,,,,,,,,,,,,,,,,,,,,,,,
,Logging,,,,,,,,,,,,,,,,,,,,,,,,,,,,,,,,,,,,,,,,,,,,,,,,,,,,,,,,,,,,,,,,,,
,Login,,,,,,,,,,,,,,,,,,,,,,,,,,,,,,,,,,,,,,,,,,,,,,,,,,,,,,,,,,,,,,,,,,
,Lucene,,,,,,,,,,,,,,,,,,,,,,,,,,,,,,,,,,,,,,,,,,,,,,,,,,,,,,,,,,,,,,,,,,
,Lxml,,,,,,,,,,,,,,,,,,,,,,,,,,,,,,,,,,,,,,,,,,,,,,,,,,,,,,,,,,,,,,,,,,
,Mac Application Development,,,,,,,,,,,,,,,,,,,,,,,,,,,,,,,,,,,,,,,,,,,,,,,,,,,,,,,,,,,,,,,,,,
,Makefile,,,,,,,,,,,,,,,,,,,,,,,,,,,,,,,,,,,,,,,,,,,,,,,,,,,,,,,,,,,,,,,,,,
,Material Ui,,,,,,,,,,,,,,,,,,,,,,,,,,,,,,,,,,,,,,,,,,,,,,,,,,,,,,,,,,,,,,,,,,
,Media Queries,,,,,,,,,,,,,,,,,,,,,,,,,,,,,,,,,,,,,,,,,,,,,,,,,,,,,,,,,,,,,,,,,,
,Metadata,,,,,,,,,,,,,,,,,,,,,,,,,,,,,,,,,,,,,,,,,,,,,,,,,,,,,,,,,,,,,,,,,,
,Meteor,,,,,,,,,,,,,,,,,,,,,,,,,,,,,,,,,,,,,,,,,,,,,,,,,,,,,,,,,,,,,,,,,,
,Meteorjs,,,,,,,,,,,,,,,,,,,,,,,,,,,,,,,,,,,,,,,,,,,,,,,,,,,,,,,,,,,,,,,,,,
,Mfc,,,,,,,,,,,,,,,,,,,,,,,,,,,,,,,,,,,,,,,,,,,,,,,,,,,,,,,,,,,,,,,,,,
,Microsoft Sql Server,,,,,,,,,,,,,,,,,,,,,,,,,,,,,,,,,,,,,,,,,,,,,,,,,,,,,,,,,,,,,,,,,,
,Mkmapview,,,,,,,,,,,,,,,,,,,,,,,,,,,,,,,,,,,,,,,,,,,,,,,,,,,,,,,,,,,,,,,,,,
,Mobile,,,,,,,,,,,,,,,,,,,,,,,,,,,,,,,,,,,,,,,,,,,,,,,,,,,,,,,,,,,,,,,,,,
,Mocking,,,,,,,,,,,,,,,,,,,,,,,,,,,,,,,,,,,,,,,,,,,,,,,,,,,,,,,,,,,,,,,,,,
,Mockito,,,,,,,,,,,,,,,,,,,,,,,,,,,,,,,,,,,,,,,,,,,,,,,,,,,,,,,,,,,,,,,,,,
,Mod Rewrite,,,,,,,,,,,,,,,,,,,,,,,,,,,,,,,,,,,,,,,,,,,,,,,,,,,,,,,,,,,,,,,,,,
,Modal Dialog,,,,,,,,,,,,,,,,,,,,,,,,,,,,,,,,,,,,,,,,,,,,,,,,,,,,,,,,,,,,,,,,,,
,Mono,,,,,,,,,,,,,,,,,,,,,,,,,,,,,,,,,,,,,,,,,,,,,,,,,,,,,,,,,,,,,,,,,,
,Monogame,,,,,,,,,,,,,,,,,,,,,,,,,,,,,,,,,,,,,,,,,,,,,,,,,,,,,,,,,,,,,,,,,,
,Moodle,,,,,,,,,,,,,,,,,,,,,,,,,,,,,,,,,,,,,,,,,,,,,,,,,,,,,,,,,,,,,,,,,,
,Moq,,,,,,,,,,,,,,,,,,,,,,,,,,,,,,,,,,,,,,,,,,,,,,,,,,,,,,,,,,,,,,,,,,
,Mouseevent,,,,,,,,,,,,,,,,,,,,,,,,,,,,,,,,,,,,,,,,,,,,,,,,,,,,,,,,,,,,,,,,,,
,Msbuild,,,,,,,,,,,,,,,,,,,,,,,,,,,,,,,,,,,,,,,,,,,,,,,,,,,,,,,,,,,,,,,,,,
,Mvc,,,,,,,,,,,,,,,,,,,,,,,,,,,,,,,,,,,,,,,,,,,,,,,,,,,,,,,,,,,,,,,,,,
,Mvvm,,,,,,,,,,,,,,,,,,,,,,,,,,,,,,,,,,,,,,,,,,,,,,,,,,,,,,,,,,,,,,,,,,
,Namespaces,,,,,,,,,,,,,,,,,,,,,,,,,,,,,,,,,,,,,,,,,,,,,,,,,,,,,,,,,,,,,,,,,,
,Nativescript,,,,,,,,,,,,,,,,,,,,,,,,,,,,,,,,,,,,,,,,,,,,,,,,,,,,,,,,,,,,,,,,,,
,Navbar,,,,,,,,,,,,,,,,,,,,,,,,,,,,,,,,,,,,,,,,,,,,,,,,,,,,,,,,,,,,,,,,,,
,Navigation Drawer,,,,,,,,,,,,,,,,,,,,,,,,,,,,,,,,,,,,,,,,,,,,,,,,,,,,,,,,,,,,,,,,,,
,Nest.Js,,,,,,,,,,,,,,,,,,,,,,,,,,,,,,,,,,,,,,,,,,,,,,,,,,,,,,,,,,,,,,,,,,
,Newman,,,,,,,,,,,,,,,,,,,,,,,,,,,,,,,,,,,,,,,,,,,,,,,,,,,,,,,,,,,,,,,,,,
,Nextjs,,,,,,,,,,,,,,,,,,,,,,,,,,,,,,,,,,,,,,,,,,,,,,,,,,,,,,,,,,,,,,,,,,
,Nginx,,,,,,,,,,,,,,,,,,,,,,,,,,,,,,,,,,,,,,,,,,,,,,,,,,,,,,,,,,,,,,,,,,
,No-Code,,,,,,,,,,,,,,,,,,,,,,,,,,,,,,,,,,,,,,,,,,,,,,,,,,,,,,,,,,,,,,,,,,
,Node-Red,,,,,,,,,,,,,,,,,,,,,,,,,,,,,,,,,,,,,,,,,,,,,,,,,,,,,,,,,,,,,,,,,,
,Node.Js,,,,,,,,,,,,,,,,,,,,,,,,,,,,,,,,,,,,,,,,,,,,,,,,,,,,,,,,,,,,,,,,,,
,Nodejs,,,,,,,,,,,,,,,,,,,,,,,,,,,,,,,,,,,,,,,,,,,,,,,,,,,,,,,,,,,,,,,,,,
,Notifications,,,,,,,,,,,,,,,,,,,,,,,,,,,,,,,,,,,,,,,,,,,,,,,,,,,,,,,,,,,,,,,,,,
,Nsarray,,,,,,,,,,,,,,,,,,,,,,,,,,,,,,,,,,,,,,,,,,,,,,,,,,,,,,,,,,,,,,,,,,
,Nsdate,,,,,,,,,,,,,,,,,,,,,,,,,,,,,,,,,,,,,,,,,,,,,,,,,,,,,,,,,,,,,,,,,,
,Nsmutablearray,,,,,,,,,,,,,,,,,,,,,,,,,,,,,,,,,,,,,,,,,,,,,,,,,,,,,,,,,,,,,,,,,,
,Nsstring,,,,,,,,,,,,,,,,,,,,,,,,,,,,,,,,,,,,,,,,,,,,,,,,,,,,,,,,,,,,,,,,,,
,Nuxt.Js,,,,,,,,,,,,,,,,,,,,,,,,,,,,,,,,,,,,,,,,,,,,,,,,,,,,,,,,,,,,,,,,,,
,Oauth,,,,,,,,,,,,,,,,,,,,,,,,,,,,,,,,,,,,,,,,,,,,,,,,,,,,,,,,,,,,,,,,,,
,Observable,,,,,,,,,,,,,,,,,,,,,,,,,,,,,,,,,,,,,,,,,,,,,,,,,,,,,,,,,,,,,,,,,,
,Oop,,,,,,,,,,,,,,,,,,,,,,,,,,,,,,,,,,,,,,,,,,,,,,,,,,,,,,,,,,,,,,,,,,
,Open Edx Development,,,,,,,,,,,,,,,,,,,,,,,,,,,,,,,,,,,,,,,,,,,,,,,,,,,,,,,,,,,,,,,,,,
,Opencl,,,,,,,,,,,,,,,,,,,,,,,,,,,,,,,,,,,,,,,,,,,,,,,,,,,,,,,,,,,,,,,,,,
,Opencv,,,,,,,,,,,,,,,,,,,,,,,,,,,,,,,,,,,,,,,,,,,,,,,,,,,,,,,,,,,,,,,,,,
,Operator Overloading,,,,,,,,,,,,,,,,,,,,,,,,,,,,,,,,,,,,,,,,,,,,,,,,,,,,,,,,,,,,,,,,,,
,Osgi,,,,,,,,,,,,,,,,,,,,,,,,,,,,,,,,,,,,,,,,,,,,,,,,,,,,,,,,,,,,,,,,,,
,Overflow,,,,,,,,,,,,,,,,,,,,,,,,,,,,,,,,,,,,,,,,,,,,,,,,,,,,,,,,,,,,,,,,,,
,P5.Js,,,,,,,,,,,,,,,,,,,,,,,,,,,,,,,,,,,,,,,,,,,,,,,,,,,,,,,,,,,,,,,,,,
,Pagination,,,,,,,,,,,,,,,,,,,,,,,,,,,,,,,,,,,,,,,,,,,,,,,,,,,,,,,,,,,,,,,,,,
,Parse Platform,,,,,,,,,,,,,,,,,,,,,,,,,,,,,,,,,,,,,,,,,,,,,,,,,,,,,,,,,,,,,,,,,,
,Pdf Generation,,,,,,,,,,,,,,,,,,,,,,,,,,,,,,,,,,,,,,,,,,,,,,,,,,,,,,,,,,,,,,,,,,
,Pdo,,,,,,,,,,,,,,,,,,,,,,,,,,,,,,,,,,,,,,,,,,,,,,,,,,,,,,,,,,,,,,,,,,
,Permissions,,,,,,,,,,,,,,,,,,,,,,,,,,,,,,,,,,,,,,,,,,,,,,,,,,,,,,,,,,,,,,,,,,
,Phpunit,,,,,,,,,,,,,,,,,,,,,,,,,,,,,,,,,,,,,,,,,,,,,,,,,,,,,,,,,,,,,,,,,,
,Play Framework,,,,,,,,,,,,,,,,,,,,,,,,,,,,,,,,,,,,,,,,,,,,,,,,,,,,,,,,,,,,,,,,,,
,Playframework,,,,,,,,,,,,,,,,,,,,,,,,,,,,,,,,,,,,,,,,,,,,,,,,,,,,,,,,,,,,,,,,,,
,Plugins,,,,,,,,,,,,,,,,,,,,,,,,,,,,,,,,,,,,,,,,,,,,,,,,,,,,,,,,,,,,,,,,,,
,Polymer,,,,,,,,,,,,,,,,,,,,,,,,,,,,,,,,,,,,,,,,,,,,,,,,,,,,,,,,,,,,,,,,,,
,Popup,,,,,,,,,,,,,,,,,,,,,,,,,,,,,,,,,,,,,,,,,,,,,,,,,,,,,,,,,,,,,,,,,,
,Postcss,,,,,,,,,,,,,,,,,,,,,,,,,,,,,,,,,,,,,,,,,,,,,,,,,,,,,,,,,,,,,,,,,,
,Powershell,,,,,,,,,,,,,,,,,,,,,,,,,,,,,,,,,,,,,,,,,,,,,,,,,,,,,,,,,,,,,,,,,,
,Preg Replace,,,,,,,,,,,,,,,,,,,,,,,,,,,,,,,,,,,,,,,,,,,,,,,,,,,,,,,,,,,,,,,,,,
,Primefaces,,,,,,,,,,,,,,,,,,,,,,,,,,,,,,,,,,,,,,,,,,,,,,,,,,,,,,,,,,,,,,,,,,
,Printf,,,,,,,,,,,,,,,,,,,,,,,,,,,,,,,,,,,,,,,,,,,,,,,,,,,,,,,,,,,,,,,,,,
,Progress Bar,,,,,,,,,,,,,,,,,,,,,,,,,,,,,,,,,,,,,,,,,,,,,,,,,,,,,,,,,,,,,,,,,,
,Promise,,,,,,,,,,,,,,,,,,,,,,,,,,,,,,,,,,,,,,,,,,,,,,,,,,,,,,,,,,,,,,,,,,
,Push Notification,,,,,,,,,,,,,,,,,,,,,,,,,,,,,,,,,,,,,,,,,,,,,,,,,,,,,,,,,,,,,,,,,,
,Pygame,,,,,,,,,,,,,,,,,,,,,,,,,,,,,,,,,,,,,,,,,,,,,,,,,,,,,,,,,,,,,,,,,,
,Pyqt5,,,,,,,,,,,,,,,,,,,,,,,,,,,,,,,,,,,,,,,,,,,,,,,,,,,,,,,,,,,,,,,,,,
,Qt,,,,,,,,,,,,,,,,,,,,,,,,,,,,,,,,,,,,,,,,,,,,,,,,,,,,,,,,,,,,,,,,,,
,Rabbit Mq,,,,,,,,,,,,,,,,,,,,,,,,,,,,,,,,,,,,,,,,,,,,,,,,,,,,,,,,,,,,,,,,,,
,Rabbitmq,,,,,,,,,,,,,,,,,,,,,,,,,,,,,,,,,,,,,,,,,,,,,,,,,,,,,,,,,,,,,,,,,,
,Radio Button,,,,,,,,,,,,,,,,,,,,,,,,,,,,,,,,,,,,,,,,,,,,,,,,,,,,,,,,,,,,,,,,,,
,Razor,,,,,,,,,,,,,,,,,,,,,,,,,,,,,,,,,,,,,,,,,,,,,,,,,,,,,,,,,,,,,,,,,,
,React,,,,,,,,,,,,,,,,,,,,,,,,,,,,,,,,,,,,,,,,,,,,,,,,,,,,,,,,,,,,,,,,,,
,React Hooks,,,,,,,,,,,,,,,,,,,,,,,,,,,,,,,,,,,,,,,,,,,,,,,,,,,,,,,,,,,,,,,,,,
,React Native,,,,,,,,,,,,,,,,,,,,,,,,,,,,,,,,,,,,,,,,,,,,,,,,,,,,,,,,,,,,,,,,,,
,React Native Android,,,,,,,,,,,,,,,,,,,,,,,,,,,,,,,,,,,,,,,,,,,,,,,,,,,,,,,,,,,,,,,,,,
,React Navigation,,,,,,,,,,,,,,,,,,,,,,,,,,,,,,,,,,,,,,,,,,,,,,,,,,,,,,,,,,,,,,,,,,
,React Redux,,,,,,,,,,,,,,,,,,,,,,,,,,,,,,,,,,,,,,,,,,,,,,,,,,,,,,,,,,,,,,,,,,
,React Router,,,,,,,,,,,,,,,,,,,,,,,,,,,,,,,,,,,,,,,,,,,,,,,,,,,,,,,,,,,,,,,,,,
,Reasonml,,,,,,,,,,,,,,,,,,,,,,,,,,,,,,,,,,,,,,,,,,,,,,,,,,,,,,,,,,,,,,,,,,
,Redirects,,,,,,,,,,,,,,,,,,,,,,,,,,,,,,,,,,,,,,,,,,,,,,,,,,,,,,,,,,,,,,,,,,
,Redux,,,,,,,,,,,,,,,,,,,,,,,,,,,,,,,,,,,,,,,,,,,,,,,,,,,,,,,,,,,,,,,,,,
,Refactoring,,,,,,,,,,,,,,,,,,,,,,,,,,,,,,,,,,,,,,,,,,,,,,,,,,,,,,,,,,,,,,,,,,
,Rendering,,,,,,,,,,,,,,,,,,,,,,,,,,,,,,,,,,,,,,,,,,,,,,,,,,,,,,,,,,,,,,,,,,
,Requirejs,,,,,,,,,,,,,,,,,,,,,,,,,,,,,,,,,,,,,,,,,,,,,,,,,,,,,,,,,,,,,,,,,,
,Rest,,,,,,,,,,,,,,,,,,,,,,,,,,,,,,,,,,,,,,,,,,,,,,,,,,,,,,,,,,,,,,,,,,
,Robots.Txt,,,,,,,,,,,,,,,,,,,,,,,,,,,,,,,,,,,,,,,,,,,,,,,,,,,,,,,,,,,,,,,,,,
,Routes,,,,,,,,,,,,,,,,,,,,,,,,,,,,,,,,,,,,,,,,,,,,,,,,,,,,,,,,,,,,,,,,,,
,Ruby On Rails,,,,,,,,,,,,,,,,,,,,,,,,,,,,,,,,,,,,,,,,,,,,,,,,,,,,,,,,,,,,,,,,,,
,Rx Java,,,,,,,,,,,,,,,,,,,,,,,,,,,,,,,,,,,,,,,,,,,,,,,,,,,,,,,,,,,,,,,,,,
,Safari Extension Development,,,,,,,,,,,,,,,,,,,,,,,,,,,,,,,,,,,,,,,,,,,,,,,,,,,,,,,,,,,,,,,,,,
,Safari Extensions Development,,,,,,,,,,,,,,,,,,,,,,,,,,,,,,,,,,,,,,,,,,,,,,,,,,,,,,,,,,,,,,,,,,
,Sails Js,,,,,,,,,,,,,,,,,,,,,,,,,,,,,,,,,,,,,,,,,,,,,,,,,,,,,,,,,,,,,,,,,,
,Scrollbar,,,,,,,,,,,,,,,,,,,,,,,,,,,,,,,,,,,,,,,,,,,,,,,,,,,,,,,,,,,,,,,,,,
,Scrollview,,,,,,,,,,,,,,,,,,,,,,,,,,,,,,,,,,,,,,,,,,,,,,,,,,,,,,,,,,,,,,,,,,
,Sdk,,,,,,,,,,,,,,,,,,,,,,,,,,,,,,,,,,,,,,,,,,,,,,,,,,,,,,,,,,,,,,,,,,
,Sencha Touch,,,,,,,,,,,,,,,,,,,,,,,,,,,,,,,,,,,,,,,,,,,,,,,,,,,,,,,,,,,,,,,,,,
,Servicestack,,,,,,,,,,,,,,,,,,,,,,,,,,,,,,,,,,,,,,,,,,,,,,,,,,,,,,,,,,,,,,,,,,
,Servlets,,,,,,,,,,,,,,,,,,,,,,,,,,,,,,,,,,,,,,,,,,,,,,,,,,,,,,,,,,,,,,,,,,
,Session,,,,,,,,,,,,,,,,,,,,,,,,,,,,,,,,,,,,,,,,,,,,,,,,,,,,,,,,,,,,,,,,,,
,Session,,,,,,,,,,,,,,,,,,,,,,,,,,,,,,,,,,,,,,,,,,,,,,,,,,,,,,,,,,,,,,,,,,
,Sh,,,,,,,,,,,,,,,,,,,,,,,,,,,,,,,,,,,,,,,,,,,,,,,,,,,,,,,,,,,,,,,,,,
,Sharedpreferences,,,,,,,,,,,,,,,,,,,,,,,,,,,,,,,,,,,,,,,,,,,,,,,,,,,,,,,,,,,,,,,,,,
,Shell,,,,,,,,,,,,,,,,,,,,,,,,,,,,,,,,,,,,,,,,,,,,,,,,,,,,,,,,,,,,,,,,,,
,Silverlight,,,,,,,,,,,,,,,,,,,,,,,,,,,,,,,,,,,,,,,,,,,,,,,,,,,,,,,,,,,,,,,,,,
,Sinatra,,,,,,,,,,,,,,,,,,,,,,,,,,,,,,,,,,,,,,,,,,,,,,,,,,,,,,,,,,,,,,,,,,
,Singleton,,,,,,,,,,,,,,,,,,,,,,,,,,,,,,,,,,,,,,,,,,,,,,,,,,,,,,,,,,,,,,,,,,
,Sitecore,,,,,,,,,,,,,,,,,,,,,,,,,,,,,,,,,,,,,,,,,,,,,,,,,,,,,,,,,,,,,,,,,,
,Sitemap,,,,,,,,,,,,,,,,,,,,,,,,,,,,,,,,,,,,,,,,,,,,,,,,,,,,,,,,,,,,,,,,,,
,Slider,,,,,,,,,,,,,,,,,,,,,,,,,,,,,,,,,,,,,,,,,,,,,,,,,,,,,,,,,,,,,,,,,,
,Solr,,,,,,,,,,,,,,,,,,,,,,,,,,,,,,,,,,,,,,,,,,,,,,,,,,,,,,,,,,,,,,,,,,
,Spinner,,,,,,,,,,,,,,,,,,,,,,,,,,,,,,,,,,,,,,,,,,,,,,,,,,,,,,,,,,,,,,,,,,
,Spring,,,,,,,,,,,,,,,,,,,,,,,,,,,,,,,,,,,,,,,,,,,,,,,,,,,,,,,,,,,,,,,,,,
,Spring Batch,,,,,,,,,,,,,,,,,,,,,,,,,,,,,,,,,,,,,,,,,,,,,,,,,,,,,,,,,,,,,,,,,,
,Spring Data Jpa,,,,,,,,,,,,,,,,,,,,,,,,,,,,,,,,,,,,,,,,,,,,,,,,,,,,,,,,,,,,,,,,,,
,Spring Integration,,,,,,,,,,,,,,,,,,,,,,,,,,,,,,,,,,,,,,,,,,,,,,,,,,,,,,,,,,,,,,,,,,
,Spring Mvc,,,,,,,,,,,,,,,,,,,,,,,,,,,,,,,,,,,,,,,,,,,,,,,,,,,,,,,,,,,,,,,,,,
,Static,,,,,,,,,,,,,,,,,,,,,,,,,,,,,,,,,,,,,,,,,,,,,,,,,,,,,,,,,,,,,,,,,,
,Stencil.Js,,,,,,,,,,,,,,,,,,,,,,,,,,,,,,,,,,,,,,,,,,,,,,,,,,,,,,,,,,,,,,,,,,
,Stl,,,,,,,,,,,,,,,,,,,,,,,,,,,,,,,,,,,,,,,,,,,,,,,,,,,,,,,,,,,,,,,,,,
,Storybook,,,,,,,,,,,,,,,,,,,,,,,,,,,,,,,,,,,,,,,,,,,,,,,,,,,,,,,,,,,,,,,,,,
,Strapi,,,,,,,,,,,,,,,,,,,,,,,,,,,,,,,,,,,,,,,,,,,,,,,,,,,,,,,,,,,,,,,,,,
,Submit,,,,,,,,,,,,,,,,,,,,,,,,,,,,,,,,,,,,,,,,,,,,,,,,,,,,,,,,,,,,,,,,,,
,Substring,,,,,,,,,,,,,,,,,,,,,,,,,,,,,,,,,,,,,,,,,,,,,,,,,,,,,,,,,,,,,,,,,,
,Svelte,,,,,,,,,,,,,,,,,,,,,,,,,,,,,,,,,,,,,,,,,,,,,,,,,,,,,,,,,,,,,,,,,,
,Swagger,,,,,,,,,,,,,,,,,,,,,,,,,,,,,,,,,,,,,,,,,,,,,,,,,,,,,,,,,,,,,,,,,,
,Swiftui,,,,,,,,,,,,,,,,,,,,,,,,,,,,,,,,,,,,,,,,,,,,,,,,,,,,,,,,,,,,,,,,,,
,Swing,,,,,,,,,,,,,,,,,,,,,,,,,,,,,,,,,,,,,,,,,,,,,,,,,,,,,,,,,,,,,,,,,,
,Swt,,,,,,,,,,,,,,,,,,,,,,,,,,,,,,,,,,,,,,,,,,,,,,,,,,,,,,,,,,,,,,,,,,
,Symfony,,,,,,,,,,,,,,,,,,,,,,,,,,,,,,,,,,,,,,,,,,,,,,,,,,,,,,,,,,,,,,,,,,
,Tableview,,,,,,,,,,,,,,,,,,,,,,,,,,,,,,,,,,,,,,,,,,,,,,,,,,,,,,,,,,,,,,,,,,
,Tags,,,,,,,,,,,,,,,,,,,,,,,,,,,,,,,,,,,,,,,,,,,,,,,,,,,,,,,,,,,,,,,,,,
,Tailwind Css,,,,,,,,,,,,,,,,,,,,,,,,,,,,,,,,,,,,,,,,,,,,,,,,,,,,,,,,,,,,,,,,,,
,Task Parallel Library,,,,,,,,,,,,,,,,,,,,,,,,,,,,,,,,,,,,,,,,,,,,,,,,,,,,,,,,,,,,,,,,,,
,Telerik,,,,,,,,,,,,,,,,,,,,,,,,,,,,,,,,,,,,,,,,,,,,,,,,,,,,,,,,,,,,,,,,,,
,Terminal,,,,,,,,,,,,,,,,,,,,,,,,,,,,,,,,,,,,,,,,,,,,,,,,,,,,,,,,,,,,,,,,,,
,Testng,,,,,,,,,,,,,,,,,,,,,,,,,,,,,,,,,,,,,,,,,,,,,,,,,,,,,,,,,,,,,,,,,,
,Textarea,,,,,,,,,,,,,,,,,,,,,,,,,,,,,,,,,,,,,,,,,,,,,,,,,,,,,,,,,,,,,,,,,,
,Textview,,,,,,,,,,,,,,,,,,,,,,,,,,,,,,,,,,,,,,,,,,,,,,,,,,,,,,,,,,,,,,,,,,
,Themes,,,,,,,,,,,,,,,,,,,,,,,,,,,,,,,,,,,,,,,,,,,,,,,,,,,,,,,,,,,,,,,,,,
,Thymeleaf,,,,,,,,,,,,,,,,,,,,,,,,,,,,,,,,,,,,,,,,,,,,,,,,,,,,,,,,,,,,,,,,,,
,Tinymce,,,,,,,,,,,,,,,,,,,,,,,,,,,,,,,,,,,,,,,,,,,,,,,,,,,,,,,,,,,,,,,,,,
,Tomcat,,,,,,,,,,,,,,,,,,,,,,,,,,,,,,,,,,,,,,,,,,,,,,,,,,,,,,,,,,,,,,,,,,
,Totara Lms,,,,,,,,,,,,,,,,,,,,,,,,,,,,,,,,,,,,,,,,,,,,,,,,,,,,,,,,,,,,,,,,,,
,Tsql,,,,,,,,,,,,,,,,,,,,,,,,,,,,,,,,,,,,,,,,,,,,,,,,,,,,,,,,,,,,,,,,,,
,Turtle Logo,,,,,,,,,,,,,,,,,,,,,,,,,,,,,,,,,,,,,,,,,,,,,,,,,,,,,,,,,,,,,,,,,,
,Twig,,,,,,,,,,,,,,,,,,,,,,,,,,,,,,,,,,,,,,,,,,,,,,,,,,,,,,,,,,,,,,,,,,
,Typo3,,,,,,,,,,,,,,,,,,,,,,,,,,,,,,,,,,,,,,,,,,,,,,,,,,,,,,,,,,,,,,,,,,
,Uibutton,,,,,,,,,,,,,,,,,,,,,,,,,,,,,,,,,,,,,,,,,,,,,,,,,,,,,,,,,,,,,,,,,,
,Uicollectionview,,,,,,,,,,,,,,,,,,,,,,,,,,,,,,,,,,,,,,,,,,,,,,,,,,,,,,,,,,,,,,,,,,
,Uiimage,,,,,,,,,,,,,,,,,,,,,,,,,,,,,,,,,,,,,,,,,,,,,,,,,,,,,,,,,,,,,,,,,,
,Uiimageview,,,,,,,,,,,,,,,,,,,,,,,,,,,,,,,,,,,,,,,,,,,,,,,,,,,,,,,,,,,,,,,,,,
,Uikit,,,,,,,,,,,,,,,,,,,,,,,,,,,,,,,,,,,,,,,,,,,,,,,,,,,,,,,,,,,,,,,,,,
,Uilabel,,,,,,,,,,,,,,,,,,,,,,,,,,,,,,,,,,,,,,,,,,,,,,,,,,,,,,,,,,,,,,,,,,
,Uinavigationbar,,,,,,,,,,,,,,,,,,,,,,,,,,,,,,,,,,,,,,,,,,,,,,,,,,,,,,,,,,,,,,,,,,
,Uiscrollview,,,,,,,,,,,,,,,,,,,,,,,,,,,,,,,,,,,,,,,,,,,,,,,,,,,,,,,,,,,,,,,,,,
,Uitabbarcontroller,,,,,,,,,,,,,,,,,,,,,,,,,,,,,,,,,,,,,,,,,,,,,,,,,,,,,,,,,,,,,,,,,,
,Uitextfield,,,,,,,,,,,,,,,,,,,,,,,,,,,,,,,,,,,,,,,,,,,,,,,,,,,,,,,,,,,,,,,,,,
,Uitextview,,,,,,,,,,,,,,,,,,,,,,,,,,,,,,,,,,,,,,,,,,,,,,,,,,,,,,,,,,,,,,,,,,
,Uiview,,,,,,,,,,,,,,,,,,,,,,,,,,,,,,,,,,,,,,,,,,,,,,,,,,,,,,,,,,,,,,,,,,
,Uiviewcontroller,,,,,,,,,,,,,,,,,,,,,,,,,,,,,,,,,,,,,,,,,,,,,,,,,,,,,,,,,,,,,,,,,,
,Uiwebview,,,,,,,,,,,,,,,,,,,,,,,,,,,,,,,,,,,,,,,,,,,,,,,,,,,,,,,,,,,,,,,,,,
,Umbraco,,,,,,,,,,,,,,,,,,,,,,,,,,,,,,,,,,,,,,,,,,,,,,,,,,,,,,,,,,,,,,,,,,
,Underscore.Js,,,,,,,,,,,,,,,,,,,,,,,,,,,,,,,,,,,,,,,,,,,,,,,,,,,,,,,,,,,,,,,,,,
,Unity,,,,,,,,,,,,,,,,,,,,,,,,,,,,,,,,,,,,,,,,,,,,,,,,,,,,,,,,,,,,,,,,,,
,Url,,,,,,,,,,,,,,,,,,,,,,,,,,,,,,,,,,,,,,,,,,,,,,,,,,,,,,,,,,,,,,,,,,
,Url Rewriting,,,,,,,,,,,,,,,,,,,,,,,,,,,,,,,,,,,,,,,,,,,,,,,,,,,,,,,,,,,,,,,,,,
,Url Routing,,,,,,,,,,,,,,,,,,,,,,,,,,,,,,,,,,,,,,,,,,,,,,,,,,,,,,,,,,,,,,,,,,
,User Controls,,,,,,,,,,,,,,,,,,,,,,,,,,,,,,,,,,,,,,,,,,,,,,,,,,,,,,,,,,,,,,,,,,
,User Interface,,,,,,,,,,,,,,,,,,,,,,,,,,,,,,,,,,,,,,,,,,,,,,,,,,,,,,,,,,,,,,,,,,
,Uwp,,,,,,,,,,,,,,,,,,,,,,,,,,,,,,,,,,,,,,,,,,,,,,,,,,,,,,,,,,,,,,,,,,
,Vaadin,,,,,,,,,,,,,,,,,,,,,,,,,,,,,,,,,,,,,,,,,,,,,,,,,,,,,,,,,,,,,,,,,,
,View,,,,,,,,,,,,,,,,,,,,,,,,,,,,,,,,,,,,,,,,,,,,,,,,,,,,,,,,,,,,,,,,,,
,Virtualenv,,,,,,,,,,,,,,,,,,,,,,,,,,,,,,,,,,,,,,,,,,,,,,,,,,,,,,,,,,,,,,,,,,
,Vue Component,,,,,,,,,,,,,,,,,,,,,,,,,,,,,,,,,,,,,,,,,,,,,,,,,,,,,,,,,,,,,,,,,,
,Vue.Js,,,,,,,,,,,,,,,,,,,,,,,,,,,,,,,,,,,,,,,,,,,,,,,,,,,,,,,,,,,,,,,,,,
,Vuetify.Js,,,,,,,,,,,,,,,,,,,,,,,,,,,,,,,,,,,,,,,,,,,,,,,,,,,,,,,,,,,,,,,,,,
,Vuex,,,,,,,,,,,,,,,,,,,,,,,,,,,,,,,,,,,,,,,,,,,,,,,,,,,,,,,,,,,,,,,,,,
,Vulcanjs,,,,,,,,,,,,,,,,,,,,,,,,,,,,,,,,,,,,,,,,,,,,,,,,,,,,,,,,,,,,,,,,,,
,Wagtail,,,,,,,,,,,,,,,,,,,,,,,,,,,,,,,,,,,,,,,,,,,,,,,,,,,,,,,,,,,,,,,,,,
,Wamp,,,,,,,,,,,,,,,,,,,,,,,,,,,,,,,,,,,,,,,,,,,,,,,,,,,,,,,,,,,,,,,,,,
,Wcf,,,,,,,,,,,,,,,,,,,,,,,,,,,,,,,,,,,,,,,,,,,,,,,,,,,,,,,,,,,,,,,,,,
,Web,,,,,,,,,,,,,,,,,,,,,,,,,,,,,,,,,,,,,,,,,,,,,,,,,,,,,,,,,,,,,,,,,,
,Web Config,,,,,,,,,,,,,,,,,,,,,,,,,,,,,,,,,,,,,,,,,,,,,,,,,,,,,,,,,,,,,,,,,,
,Web Development,,,,,,,,,,,,,,,,,,,,,,,,,,,,,,,,,,,,,,,,,,,,,,,,,,,,,,,,,,,,,,,,,,
,Web Services,,,,,,,,,,,,,,,,,,,,,,,,,,,,,,,,,,,,,,,,,,,,,,,,,,,,,,,,,,,,,,,,,,
,Webdriver,,,,,,,,,,,,,,,,,,,,,,,,,,,,,,,,,,,,,,,,,,,,,,,,,,,,,,,,,,,,,,,,,,
,Webflow,,,,,,,,,,,,,,,,,,,,,,,,,,,,,,,,,,,,,,,,,,,,,,,,,,,,,,,,,,,,,,,,,,
,Webforms,,,,,,,,,,,,,,,,,,,,,,,,,,,,,,,,,,,,,,,,,,,,,,,,,,,,,,,,,,,,,,,,,,
,Weblogic,,,,,,,,,,,,,,,,,,,,,,,,,,,,,,,,,,,,,,,,,,,,,,,,,,,,,,,,,,,,,,,,,,
,Webpack,,,,,,,,,,,,,,,,,,,,,,,,,,,,,,,,,,,,,,,,,,,,,,,,,,,,,,,,,,,,,,,,,,
,Webserver,,,,,,,,,,,,,,,,,,,,,,,,,,,,,,,,,,,,,,,,,,,,,,,,,,,,,,,,,,,,,,,,,,
,Website Design,,,,,,,,,,,,,,,,,,,,,,,,,,,,,,,,,,,,,,,,,,,,,,,,,,,,,,,,,,,,,,,,,,
,Websphere,,,,,,,,,,,,,,,,,,,,,,,,,,,,,,,,,,,,,,,,,,,,,,,,,,,,,,,,,,,,,,,,,,
,Webview,,,,,,,,,,,,,,,,,,,,,,,,,,,,,,,,,,,,,,,,,,,,,,,,,,,,,,,,,,,,,,,,,,
,Widget,,,,,,,,,,,,,,,,,,,,,,,,,,,,,,,,,,,,,,,,,,,,,,,,,,,,,,,,,,,,,,,,,,
,Wildfly,,,,,,,,,,,,,,,,,,,,,,,,,,,,,,,,,,,,,,,,,,,,,,,,,,,,,,,,,,,,,,,,,,
,Win Universal App,,,,,,,,,,,,,,,,,,,,,,,,,,,,,,,,,,,,,,,,,,,,,,,,,,,,,,,,,,,,,,,,,,
,Windows Application Development,,,,,,,,,,,,,,,,,,,,,,,,,,,,,,,,,,,,,,,,,,,,,,,,,,,,,,,,,,,,,,,,,,
,Windows Runtime,,,,,,,,,,,,,,,,,,,,,,,,,,,,,,,,,,,,,,,,,,,,,,,,,,,,,,,,,,,,,,,,,,
,Windows Store Apps,,,,,,,,,,,,,,,,,,,,,,,,,,,,,,,,,,,,,,,,,,,,,,,,,,,,,,,,,,,,,,,,,,
,Winforms,,,,,,,,,,,,,,,,,,,,,,,,,,,,,,,,,,,,,,,,,,,,,,,,,,,,,,,,,,,,,,,,,,
,Winforms,,,,,,,,,,,,,,,,,,,,,,,,,,,,,,,,,,,,,,,,,,,,,,,,,,,,,,,,,,,,,,,,,,
,Wix,,,,,,,,,,,,,,,,,,,,,,,,,,,,,,,,,,,,,,,,,,,,,,,,,,,,,,,,,,,,,,,,,,
,Wordpress,,,,,,,,,,,,,,,,,,,,,,,,,,,,,,,,,,,,,,,,,,,,,,,,,,,,,,,,,,,,,,,,,,
,Wordpress Theming,,,,,,,,,,,,,,,,,,,,,,,,,,,,,,,,,,,,,,,,,,,,,,,,,,,,,,,,,,,,,,,,,,
,Wpf,,,,,,,,,,,,,,,,,,,,,,,,,,,,,,,,,,,,,,,,,,,,,,,,,,,,,,,,,,,,,,,,,,
,Xamarin,,,,,,,,,,,,,,,,,,,,,,,,,,,,,,,,,,,,,,,,,,,,,,,,,,,,,,,,,,,,,,,,,,
,Xamarin.Android,,,,,,,,,,,,,,,,,,,,,,,,,,,,,,,,,,,,,,,,,,,,,,,,,,,,,,,,,,,,,,,,,,
,Xamarin.Forms,,,,,,,,,,,,,,,,,,,,,,,,,,,,,,,,,,,,,,,,,,,,,,,,,,,,,,,,,,,,,,,,,,
,Xamarin.Ios,,,,,,,,,,,,,,,,,,,,,,,,,,,,,,,,,,,,,,,,,,,,,,,,,,,,,,,,,,,,,,,,,,
,Xampp,,,,,,,,,,,,,,,,,,,,,,,,,,,,,,,,,,,,,,,,,,,,,,,,,,,,,,,,,,,,,,,,,,
,Xml Parsing,,,,,,,,,,,,,,,,,,,,,,,,,,,,,,,,,,,,,,,,,,,,,,,,,,,,,,,,,,,,,,,,,,
,Yii,,,,,,,,,,,,,,,,,,,,,,,,,,,,,,,,,,,,,,,,,,,,,,,,,,,,,,,,,,,,,,,,,,
,Zapier,,,,,,,,,,,,,,,,,,,,,,,,,,,,,,,,,,,,,,,,,,,,,,,,,,,,,,,,,,,,,,,,,,
,Zend Framework,,,,,,,,,,,,,,,,,,,,,,,,,,,,,,,,,,,,,,,,,,,,,,,,,,,,,,,,,,,,,,,,,,
,Zurb Foundation,,,,,,,,,,,,,,,,,,,,,,,,,,,,,,,,,,,,,,,,,,,,,,,,,,,,,,,,,,,,,,,,,,
