a,b,c,,,,,,,,,,,,,,,,,,,,,,,,,,Mathematics,Mathematics Skills,Statistics,Statistics Skills,Computer Science,Theoretical Computer Science Skills,Physics,Physics Skills,Electrical Engineering / Hardware,Electronics and Electrical Engineering Skills,Mechanical Engineering,Mechanical Engineering Skills,Civil and Environmental Engineering,Geographic Information Systems,Architecture,Materials Science,Materials Skills,Aeronautical Engineering,Astronomy,Astronomy Skills,Chemistry,Chemical Engineering,Chemical Engineering Skills,Biology,Biology Skills,Bioengineering,Human Biology,Medicine,Psychology,Psychology Skills,Social Science Research Methods,Education,Economics,Business,Financial Skills,Operations Research Skills,Humanities,Linguistic Skills,Law,Legal Skills,Arts and Activities,,Counts,
1,2,3,,,,,,,,,,,,,,,,,,,,,,,,,,Arithmetic,,Introductory Statistics,Minitab,Mathematical Foundations of Computing,Arrays,Intro Mechanics E&M Light&Heat Modern,,Digital Systems,GPU Accelerators,Introductory Mechanical Engineering,Autodesk Revit,Solid Mechanics,qGIS,World Architecture,Introductory Materials Science,,Introductory Aero Astro,Introductory Astronomy,,Introductory Chemistry,Introductory Chemical Engineering,,Introductory Biology,Genomics,Introductory Bioengineering,Introductory Human Biology,Introductory Oncology,Introductory Psychology,,Social Science Research Methods,Introduction to Education,Microeconomics,Managerial Accounting,Actuate Espreadsheet,Pareto Analysis,English and Vocabulary,,inequality,,Cooking,,knowledge map,1233
,,,,,,,,,,,,,,,,,,,,,,,,,,,,PreAlgebra,,Probability Theory,Power BI,Discrete Mathematics,Debuggers,Advanced Mechanics,,Circuits,Multiprocessors,Statics and Dynamics,Sonar,Introductory Environmental Science,,Western and Christian Architecture,Materials Characterization,,Atmospheric and Space Flight,Observational Astrophysics,,Organic Chemistry,Perrys Chemical Engineering Handbook Overview,,Ecology,Microscopes,Systems Biology,Embryology,Molecular Basis of Cancer,Perception,,Social Science Research Methods II,Education Inequality,Macroeconomics,Introductory Accounting,Microsoft Excel,Pest Analysis,Grammar,,human rights,,Dance,,skills,
,,,,,,,,,,,,,,,,,,,,,,,,,,,,Algebra,,Statistical Inference,R For Statistics,Introductory Computer Science,Regex,Electrodynamics,,Signals and Systems,Intel X86,Mechanics of Materials,,Geotechnical Engineering,,Hindu Architecture,Materials Structure,,Lightweight Structures,Stellar and Galactic Astrophysics,,Inorganic Chemistry,Chemical Process Dynamics and Controls,,Genetics,Proteomics,Biomedical Engineering,Anatomy,Cancer Systems,Minds and Machines,,Social Science Research and Field Methods,Diversity in Education,Intermediate Micro,Financial Accounting,,SAP,Literature,,police,,Fashion,,total,
,,,,,,,,,,,,,,,,,,,,,,,,,,,,Geometry,,ANOVA and Regression,Matlab,Computer Systems,,Quantum Mechanics,,Analog and Digital Communication,Labview,Engineering Thermodynamics,,Engineering Economy,,Islamic Architecture,Kinetics for Materials Science,,Aerospace Structures,Extragalactic Astronomy,,Physical Chemistry,Chemical Engineering Thermodynamics I,,Molecular Biology,Amber Molecular Dynamics Software,Systems Physiology,Biochemistry,Genetic Basis of Cancer,Learning and Memory,,Qualitative Research Methods,Education and Society,Intermediate Macro,IFRS,,Swot Analysis,Writing,,legal writing,,Film,,,
,,,,,,,,,,,,,,,,,,,,,,,,,,,,Algebra2,,Sampling Theory and Methods,,Object Oriented Programming,,Statistical Mechanics,,Photonics,RFID,Fluid Mechanics,.Dxf Files,Structural Engineering,,Buddhist Architecture,Thermodynamics for Sustinable Energy,,Applied Aerodynamics,Cosmology,,Spectroscopy,Chemical Engineering Thermodynamics II,,Physiology,Biopython,Macromolecules,Biomechanics,Tumor Immunology,Cognitive Neuroscience,,Social Science Statistics and Interactional Analysis,Global Education Policy,Econometrics,International Financial Reporting,,,Journalism,,torts,,Hobbies,,,
,,,,,,,,,,,,,,,,,,,,,,,,,,,,Trigonometry,,Nonparametric Methods,,Computer Systems ,,Thermodynamics and Kinetic Theory,,Green Electronics,RISC-V,Product Realization,AutoCAD,Reinforced Concrete Structures,,African Architecture,Nanomaterials Synthesis,,Propulsion,Neutrinos in Astronomy,,Biochemistry,Heat and Mass Transfer,,Evolution,,Mathematical Systems Biology,Nutrition and Bariatric Surgery,Surgical Oncology,Developmental Psychology,,Multimodal Analytics,Philosophy of Education,Development Economics,Accounting Based Valuation,,,History,,corporate social responsibility,,Music,,,
,,,,,,,,,,,,,,,,,,,,,,,,,,,,Precalculus,,Applied Multivariate Statistics,,Operating Systems,,Quantum Field Theory,,Power Electronics,Spice (IC Design),Heat Transfer,Ansys,Steel Structures,,Indigenous Architecture,Kinetics of Materials,,Flight Dynamics and Control,,,Biophysical Chemistry,Chemical Kinetics,,Cell Biology,,Biomedical Informatics,Endocrinology,Introductory Immunology,Social Psychology,,,Teaching Profession I,Financial Economics,Taxes and Business Strategy,,,Historical Method,,criminal legal histories,,Sport,,,
,,,,,,,,,,,,,,,,,,,,,,,,,,,,Calculus,,Time Series,,Computer Sound,,Particle Physics,,Digital Image Processing,Verilog,Mechanical Engineering Design,Autodesk,Civil Engineering Design,,Architectural Design I,Inorganic Materials Synthesis,,GPS,,,Advanced Organic Chemistry,Microkinetic Modeling,,Stem Cell Biology,,Bioinformatics,Biophysics,Microbiology Immunology,Cross Cultural Psychology,,,Teaching Profession II,Labor Economics,Mergers and Acquisitions,,,Introductory Archaeology,,dress codes,,Visual Arts,,,
,,,,,,,,,,,,,,,,,,,,,,,,,,,,Multivariable Calculus,,Causal Inference,,Web Applications,,Solid State Physics,,Digital Signal Processing,VHDL,Mechanical Systems Design,,Sensor Networks,,Architectural Design II,Microstructure and Properties of Materials,,Composite Materials,,,Advanced Inorganic Chemistry,Kinetics and Reactor Design,,Microbiology,,Computational Molecular Biology,Cytology,Clinical Immunology,Clinical Psychology,,,Developing Child Literacy,Game Theory I,Alphanomics,,,Archaeological Methods,,innovation,,,,,
,,,,,,,,,,,,,,,,,,,,,,,,,,,,Differential Equations,,Stochastic Processes,,Compilers,,Atomic Physics,,,Arduino,Feedback Control Systems,Digital Manufacturing,Probabilistic Design,,Architectural Design III,Electronic Engineering Materials,,Orbital Mechanics,,,Polymer Synthesis,Plant and Process Design,,Marine Biology,,Translational Bioinformatics,Neuroscience,Immunology and Disease,Abnormal Psychology,,,Adolescent Self Directed Learning,Behavioral Economics,Event Driven Investing,,,Archaeological Philosophy,,patents,,,,,
,,,,,,,,,,,,,,,,,,,,,,,,,,,,Linear Algebra,,Information Theory,,Computer Networking,,Quantum Optics,,Embedded Networked Systems,ARM,Computational Mechanics,Hypermesh,Computational CivilE,,Architectural Theory I,Fuel Cells Solar Cells Storage,,Aircraft Design,,,XRay Diffraction Crystallography,Fabrication Engineering,,Epigenetics,,Human Anatomy Imaging,Medical Behavioral Science,Immunological Bioinformatics,Personality and Affect,,,Urban Education,Advanced Micro,Valuation in Emerging Markets,,,Cultural Anthropology,,legal precedent,,,,,
,,,,,,,,,,,,,,,,,,,,,,,,,,,,Signals and Systems,,Large Deviations Theory,,Databases,,Continuum Mechanics,,Embedded Systems,Autosys,Vibration Dynamics and Control,Solidworks,River Engineering,,Architectural Theory II,Materials Chemistry,,Spacecraft Design,,,Computational Chemistry,Heterogenous Catalysis,,Biostatistics,,Computed Tomography,Histology,Computational Immunology,Cognitive Psychology,,,Counseling,Advanced Macro,Personal Financial Planning,,,Anthropological Methods,,marginalized communities,,,,,
,,,,,,,,,,,,,,,,,,,,,,,,,,,,Complex Analysis,,Spatio Temporal Stats,,Game Design,,Nuclear Physics,,VSLI Systems,Embedded Software,Vehicle Dynamics and Control,FMEA Analysis,Infrastructure,,Visualization,Atomic Structure of Solids,,Classical Dynamics,,,,Polymer Engineering,,Fungi,,Functional MRI Analysis,Toxicology,Translational Immunology,Psychology Research Methods,,,ESL,Advanced Econometrics,Financial Reporting,,,Urban Studies,,prosecution,,,,,
,,,,,,,,,,,,,,,,,,,,,,,,,,,,Real Analysis,,Bayesian Statistics,,Human Computer Interaction HCI,,Special Relativity,,Mechatronics,Microcontrollers,Haptics,,100p Renewable,,Sustainable Architecture,Diffraction Physics,,Symmetry Analysis,,,,Environmental Microbiology,,Ornithology,,Nuclear Medicine and Molecular Imaging,Radiation Biology,Hematopoiesis,Developmental Psychology Reading,,,Bilingualism,Advanced Development Micro,Board Governance,,,Urban Design,,defense,,,,,
,,,,,,,,,,,,,,,,,,,,,,,,,,,,Abstract Algebra Groups and Rings,,Theory of Statistics,,Computer Graphics,,General Relativity,,Fourier Transform,Raspberry Pi,Land Sky Water Space Robots Handbook,,Energy Efficient Buildings,,Acoustics,Fluid Phase Equilibria,,Engineering Design Optimization,,,,Microhydrodynamics,,Conservation Biology,,Ultrasound Imaging and Therapy,Physiology,Neuroimmunity,Reinvisioning Psychology,,,Higher Education,Industrial Organization,Accounting Research,,,Urban Underclass,,religion,,,,,
,,,,,,,,,,,,,,,,,,,,,,,,,,,,Graph Theory and Combinatorics,,Theory of Probability,,Parallel and Distributed Computing,,Neutrino Physics,,Morphometrics 2D 3D Imaging,,Sensors,,Building Construction,,Interior Design,Defects in Crystalline Solids,,Sequential Decision Making,,,,Reaction Engineering,,Neuroscience,,Protein Engineering,Photo Biology,Allergy and Immunology,Health Psychology,,,Early Childhood Education,Advanced Financial Economics,Financial Disclosure I,,,Sociology,,religious law,,,,,
,,,,,,,,,,,,,,,,,,,,,,,,,,,,Number Theory and Field Theory,,Information Theory,,Computational Logic,,Laser Physics,,Linear Dynamical Systems,,Advanced Dynamics,,Earthquake Engineering,,Architectural Materials,Rate Processes,,Decision Making under Uncertainty with RL,,,,Molecular Thermodynamics,,Neurobiology,,Genetic Engineering,Diagnosis,Introductory Pathology,Affective Psychology,,,Learning and Cognition,International Trade,Financial Disclosure II,,,Sociology Methods,,automation and robotics law,,,,,
,,,,,,,,,,,,,,,,,,,,,,,,,,,,Partial Differential Equations,,Graphical Models,,Automata Theory and Complexity,,Plasma Physics,,Statistical Signal Processing,,Material Behavior and Failure,,Watersheds,,Exercises in Architecture,Electronic and Optical Properties of Solids,,Aero Acoustics,,,,Heterogenous Catalysis,,Development Biology,,Computational Biology,Genetics,Autopsy Pathology,Positive Psychology,,,Educational Neuroscience,International Econ,Contract Theory and Accounting,,,Political Science Ethics and Justice,,voting,,,,,
,,,,,,,,,,,,,,,,,,,,,,,,,,,,Galois Theory,,Compessed Sensing,,Computer Cyber Security,,Standard Model,,Semiconductor Devices,,Nanotechnology,,Hydrology I,,Analyzing Architecture,Biochips,,Aerospace Navigation Systems,,,,Electrochemical Energy Conversion,,Plant Microbe Interaction,,Tissue Engineering,Neuroanatomy,Forensic Pathology,Psychology of Emotion,,,Educational Resilience,Advanced Labor Econ,Introductory Finance,,,Political Science Methods,,indigenous communities,,,,,
,,,,,,,,,,,,,,,,,,,,,,,,,,,,Hyperbolic Geometry,,Survival Analysis,,Algorithms,,Condensed Matter Physics,,Applied Quantum Mechanics,,Fatigue Analysis and Design,,Hydrology II,,Electives in Architecture,Neurotechnology,,Optimal Feedback Control with RL,,,,Biotechnology,,Population Genetics,,Optogenetics,Advanced Anatomy,RNA Interference,Theoretical Neuroscience,,,Science Education,Labor Economics Handbook,Corporate Finance,,,Philosophy Formal Methods,,civil rights,,,,,
,,,,,,,,,,,,,,,,,,,,,,,,,,,,Differential Geometry,,Applied Statistics,,Data Structures,,Black Holes,,Modern Optics,,Experimental Stress Analysis,,Air Quality,,,Nanobiotechnology,,Electric Propulsion,,,,Rheology,,Invertebrates,,Multicellular Systems,Dissection,Micro RNA,Brain Networks,,,Economics of Education,International Economics Handbook,Managerial Finance,,,Philosophy Logic,,hate crimes,,,,,
,,,,,,,,,,,,,,,,,,,,,,,,,,,,Algebraic Geometry,,Theory of Probability,,Artificial Intelligence (Theory),,String Theory,,Guided Waves,,Additive Manufacturing 3D Printing,,Aquatic Chemistry,,,Biomaterials for Regenerative Medicine,,Aircraft Stability,,,,Microbial Energy,,Vertebrates,,Modeling Biological Systems,Physical Examination,Clinical Pathology,Mindset,,,Environmental Education,Auctions,Capital Markets,,,Metalogic,,legal services markets,,,,,
,,,,,,,,,,,,,,,,,,,,,,,,,,,,Manifold Analysis,,Function Estimation in White Noise,,Robotics (Theory),,,,Integrated Circuit Fabrication,,Manufacturing Processes,,Meterology,,,Organic Semiconductors,,Viscous Flow,,,,Nanostructured Materials for Energy Conversion,,Fish Biology 1,,Innate Immunity,Patient Interviewing,Hematology,Child Development,,,Personality Development,Market Design,Institutional Investment,,,Modal Logic,,legal software,,,,,
,,,,,,,,,,,,,,,,,,,,,,,,,,,,Differential Topology,,Compressed Sensing,,Deep Learning (Theory),,,,Audio Signal Processing,,Assistive Technology,,Climatology,,,Nanophotonics,,Smart Autonomous Aircraft,,,,Biotechnology of Biopolymers,,Fish Biology 2,,Medical Devices,Advanced Histology,Clinical Hemotology,,,,Global Civic Education,Economics of Contracts,Debt Markets,,,Philosophy,,jails and prisons,,,,,
,,,,,,,,,,,,,,,,,,,,,,,,,,,,Algebraic Topology,,Survival Analysis,,Natural Language Processing (Theory),,,,Signal Processing in Acoustics,,Precision Engineering,,Oceanography,,,Advanced Batteries,,Optimal State Estimation and Filtration,,,,Suspension Dynamics,,Herpetology,,Biomedical Device Design,Sexology,Obstetrics and Gynecology I,,,,School and Community,Incentives and Information,Private Equity,,,Metaphysics,,algorithms,,,,,
,,,,,,,,,,,,,,,,,,,,,,,,,,,,Set Theory,,Spectral Analysis,,Network Science,,,,Audio Encoders,,Intermediate Thermodynamics,,Physical Oceonography,,,Nanoscale Science Engineering Technology,,Attitude Determination,,,,,,Veterinary Medicine,,Stem Cell Engineering,,Obstetrics and Gynecology II,,,,Writing Instruction,Political Economy,Financial Markets I,,,Phonetics and Phonology,,warrants,,,,,
,,,,,,,,,,,,,,,,,,,,,,,,,,,,Modern Algebra,,Empirical Process Theory,,Experimental Robotics,,,,Antennas,,Interediate Fluid Mechanics,,Water Resources,,,Transmission Electronic Microscopy,,Rocket Propulsion,,,,,,,,Digital Health,,Assistive Reproductive Technologues I,,,,Gender Equality in Educationn,Public Economics,Entrepreneurial Finance,,,Lingustics Morphology,,digital warrants,,,,,
,,,,,,,,,,,,,,,,,,,,,,,,,,,,Lie Theory,,Large Deviations Theory,,Probabilistic Graphical Models,,,,High Frequency Circuits,,Mechanical Measurement,,Environmental Policy,,,XRay Microscopy,,Spacecraft Formation Flying,,,,,,,,Neural Engineering,,Assistive Reproductive Technology II,,,,Educational Testing and Measurement,Education Economics Handbook,Pension Finance,,,Linguistic Syntax,,evidence,,,,,
,,,,,,,,,,,,,,,,,,,,,,,,,,,,Complex Differential Geometry,,QCA,,Machine Learning (Theory),,,,Electromagnetics,,Gas Turbines,,Energy,,,Nanocharacterization Techniques,,,,,,,,,,Mechanobiology,,Clinical OBGYN,,,,Global Health Education,Exchange Rates,Valuation,,,Semantics and Pragmatics,,conflict of laws,,,,,
,,,,,,,,,,,,,,,,,,,,,,,,,,,,Algebraic Curves and Riemann Surfaces,,Continuous Time Stochastic Control,,Statistical-Learning-Theory,,,,Autonomous Robots,,Combustion,,Safe Water,,,Magnetic Nanomaterials,,,,,,,,,,Mechanosensitivity and Mechanotransduction,,Family Planning,,,,Economics of Higher Education,Game Theory II,Investment Management Models,,,Advanced Semantics,,rhetoric,,,,,
,,,,,,,,,,,,,,,,,,,,,,,,,,,,Ergodic Theory,,,,Computer Vision (Theory),,,,Nanophotonics,,Product Design.txt,,Human Exposure Analysis,,,,,,,,,,,,,Quantitative Human Physiology,,Gynecologic Oncology,,,,STEM Education,Game Theory III,Money and Banking,,,Lexical Semantics,,influence of visuals,,,,,
,,,,,,,,,,,,,,,,,,,,,,,,,,,,Symplectic Topology and Geometry,,,,Reinforcement Learning,,,,Nanooptics,,Industrial Design,,Wastewater Treatment,,,,,,,,,,,,,Diagnostic Devices and Microfluidics,,Gynecologic Oncology II,,,,STEM Higher Education,Behavioral Political Economy,Behavioral Finance,,,English Morphosyntax,,influence of tradition and myth,,,,,
,,,,,,,,,,,,,,,,,,,,,,,,,,,,Homotopy Theory,,,,Programming Languages,,,,Nonlinear Optics,,Nano and Micro Materials,,Electricity Economics,,,,,,,,,,,,,Biomedical Materials and Diagnostic Devices,,Reproductive Endocrinology,,,,Self Regulation of Learning,Political Development Economics,Financial Trading,,,Sociolinguistics,,morals,,,,,
,,,,,,,,,,,,,,,,,,,,,,,,,,,,Chaos Theory,,,,,,,,Wireless Communication,,Optofluidics,,Smart Cities,,,,,,,,,,,,,Molecular Cellular Engineering,,Maternal Fetal Medicine,,,,Design of Learning Experience,,Advanced Financial Trading,,,Sociolinguistic Theory,,influence of philosophy,,,,,
,,,,,,,,,,,,,,,,,,,,,,,,,,,,,,,,Blockchain and Cryptocurrency (Theory),,,,Convex Optimization,,Medical Robotics,,Hydrological Remote Sensing,,,,,,,,,,,,,In Vitro Diagnostic Devices,,Urogynecology,,,,Edtech Handbook,,Emerging Markets I,,,Psycholinguistics,,influence of psychology,,,,,
,,,,,,,,,,,,,,,,,,,,,,,,,,,,,,,,Complexity,,,,Parallel Computing,,Microfluidics,,Anaerobic Treatment,,,,,,,,,,,,,Neuromorphic Engineering,,Neonatalogy I,,,,Education Technology,,Emerging Markets II,,,Linguistics Methods,,jurisprudence,,,,,
,,,,,,,,,,,,,,,,,,,,,,,,,,,,,,,,Cryptography,,,,Wireless Networks,,Turbulence,,Disaster Resilience,,,,,,,,,,,,,In Vivo Magnetic Resonance Spectroscopy,,Neonatology II,,,,Behavioral Design,,Angel and Venture Capital.txt,,,Minimalist Syntax,,legal design,,,,,
,,,,,,,,,,,,,,,,,,,,,,,,,,,,,,,,Approximation Algorithms,,,,Self Programming Networks,,Compressible Flow,,BIM VDC,,,,,,,,,,,,,Magnetic Resonance Relaxation,,Cardiology,,,,How People Learn,,Private Wealth Management,,,Syntactic Theory,,plaintiffs and defendants,,,,,
,,,,,,,,,,,,,,,,,,,,,,,,,,,,,,,,Quantum Computing,,,,Modern Coding Theory,,Gas Dynamics,,Computer Integrated Construction AEC,,,,,,,,,,,,,Bionanotechnology,,Angiology,,,,How Learning Works,,Financial Markets II,,,Ashtadhyayi Panini,,civil liberties,,,,,
,,,,,,,,,,,,,,,,,,,,,,,,,,,,,,,,Geometric Algorithms,,,,Interconnection Networks,,Nonequilibrium Processes,,Solar Energy Engineering,,,,,,,,,,,,,Molecular Motors,,ECG I,,,,Learning and Instructional Design Technology,,Financial Markets III,,,Communication,,critical race theory,,,,,
,,,,,,,,,,,,,,,,,,,,,,,,,,,,,,,,Randomized Algorithms,,,,Chip Testing,,Nanoparticles,,Nuclear Energy Engineering,,,,,,,,,,,,,Soft Matter Physics,,ECG II,,,,Design of Learning Environments,,Dynamic Asset Pricing,,,Communication Methods,,federalism,,,,,
,,,,,,,,,,,,,,,,,,,,,,,,,,,,,,,,Optimization Theory,,,,,,MEMS,,Wind Energy Engineering,,,,,,,,,,,,,Biofabrication,,Preventive Cardiology,,,,Learning Spaces,,Empirical Asset Pricing,,,Media Effects Processes,,remedies,,,,,
,,,,,,,,,,,,,,,,,,,,,,,,,,,,,,,,HCI Design and Research,,,,,,Surgical Robotics,,Real Estate Development,,,,,,,,,,,,,Biochemical Engineering,,Cardiology Case Studies,,,,Online Learning Environments,,Macroeconomics and Finance,,,Digital Culture,,gender and orientation,,,,,
,,,,,,,,,,,,,,,,,,,,,,,,,,,,,,,,Pseudorandomness,,,,,,,,Hydrodynamics,,,,,,,,,,,,,Regenerative Medicine,,Cardiothoracic Surgery,,,,Learning Sciences,,Empirical Dynamic Asset Pricing,,,Democratic  Dialogue,,welfare state,,,,,
,,,,,,,,,,,,,,,,,,,,,,,,,,,,,,,,Data Visualization (Theory),,,,,,,,Smart Grid,,,,,,,,,,,,,Biodesign,,Introductory Gastroenterology,,,,Playful Learning,,Empirical Corporate Finance,,,Media Economics,,legislation,,,,,
,,,,,,,,,,,,,,,,,,,,,,,,,,,,,,,,Advanced HCI,,,,,,,,Advanced Structural Analysis,,,,,,,,,,,,,Nanoengineered Biomaterials for Drug Delivery,,Gastroenterology Handbook,,,,Situated Learning,,Econophysics,,,Media Psychology,,local law,,,,,
,,,,,,,,,,,,,,,,,,,,,,,,,,,,,,,,,,,,,,,,Finite Element Procedures,,,,,,,,,,,,,Synthetic Biology and Metabolic Engineering,,Introductory Geriatrics,,,,Educational Design.txt,,Quantum Finance,,,Politics of Algorithms,,philanthropy,,,,,
,,,,,,,,,,,,,,,,,,,,,,,,,,,,,,,,,,,,,,,,Nonlinear Structural Analysis,,,,,,,,,,,,,,,Geriatrics Handbook,,,,Educational Museum Management,,Statistical Finance,,,International Relations,,civil society,,,,,
,,,,,,,,,,,,,,,,,,,,,,,,,,,,,,,,,,,,,,,,Structural Dynamics,,,,,,,,,,,,,,,Introductory Psychiatry,,,,Knowledge Representation I,,Efficient Market Hypothesis,,,Diplomacy,,bias,,,,,
,,,,,,,,,,,,,,,,,,,,,,,,,,,,,,,,,,,,,,,,Structural Health Monitoring,,,,,,,,,,,,,,,Psychiatric Diagnosis,,,,Knowledge Representation II,,Arbitrage,,,Comparative Government,,legal bodies,,,,,
,,,,,,,,,,,,,,,,,,,,,,,,,,,,,,,,,,,,,,,,Random Vibrations,,,,,,,,,,,,,,,Clinical Neurophysiology,,,,Identity Development,,Fintech,,,,,parent child relationship,,,,,
,,,,,,,,,,,,,,,,,,,,,,,,,,,,,,,,,,,,,,,,Failure Analysis,,,,,,,,,,,,,,,Child and Adolescent Psychiatry,,,,,,People Analytics,,,,,transitional justice,,,,,
,,,,,,,,,,,,,,,,,,,,,,,,,,,,,,,,,,,,,,,,Poromechanics,,,,,,,,,,,,,,,Forensic Psychiatry,,,,,,Advanced People Analytics,,,,,suffering,,,,,
,,,,,,,,,,,,,,,,,,,,,,,,,,,,,,,,,,,,,,,,Fracture Mechanics,,,,,,,,,,,,,,,Geriatric Psychiatry,,,,,,Operations Management,,,,,legal lags,,,,,
,,,,,,,,,,,,,,,,,,,,,,,,,,,,,,,,,,,,,,,,Critical Infrastructure.,,,,,,,,,,,,,,,Introductory Pharmacology,,,,,,Corporate Strategy,,,,,tribal law,,,,,
,,,,,,,,,,,,,,,,,,,,,,,,,,,,,,,,,,,,,,,,Plasticity Modeling,,,,,,,,,,,,,,,Pharmacological Therapeutics,,,,,,Human Resource Management,,,,,bureaucracy,,,,,
,,,,,,,,,,,,,,,,,,,,,,,,,,,,,,,,,,,,,,,,Industrialized Construction,,,,,,,,,,,,,,,Internal Medicine,,,,,,Global Management,,,,,"carrots, sticks, norms, nudges",,,,,
,,,,,,,,,,,,,,,,,,,,,,,,,,,,,,,,,,,,,,,,3D Marine Estuarine Models,,,,,,,,,,,,,,,Oxford Textbook of Medicine,,,,,,Incentives and Performance,,,,,organizational behavior,,,,,
,,,,,,,,,,,,,,,,,,,,,,,,,,,,,,,,,,,,,,,,Indoor Air Quality,,,,,,,,,,,,,,,Family Medicine I,,,,,,People Operations,,,,,death penalty,,,,,
,,,,,,,,,,,,,,,,,,,,,,,,,,,,,,,,,,,,,,,,Coral Reefs,,,,,,,,,,,,,,,Family Medicine II,,,,,,Marketing Management,,,,,statistical inference in law,,,,,
,,,,,,,,,,,,,,,,,,,,,,,,,,,,,,,,,,,,,,,,Atmosphere Dynamics,,,,,,,,,,,,,,,Family Medicine III,,,,,,Advanced Marketing Management,,,,,behavioral law and economics,,,,,
,,,,,,,,,,,,,,,,,,,,,,,,,,,,,,,,,,,,,,,,Hydrogeology,,,,,,,,,,,,,,,Family Medicine IV,,,,,,New Venture Marketing,,,,,prejudice,,,,,
,,,,,,,,,,,,,,,,,,,,,,,,,,,,,,,,,,,,,,,,Vortex Dynamics,,,,,,,,,,,,,,,Family Medicine Case Files,,,,,,Product Launch,,,,,moot court,,,,,
,,,,,,,,,,,,,,,,,,,,,,,,,,,,,,,,,,,,,,,,Climate Change,,,,,,,,,,,,,,,Aerospace Medicine,,,,,,Marketing Research,,,,,appellate litigation,,,,,
,,,,,,,,,,,,,,,,,,,,,,,,,,,,,,,,,,,,,,,,Sustainable Agriculture,,,,,,,,,,,,,,,Nuclear Medicine,,,,,,Branding I,,,,,public interest litigation,,,,,
,,,,,,,,,,,,,,,,,,,,,,,,,,,,,,,,,,,,,,,,GIS,,,,,,,,,,,,,,,Occupational Medicine,,,,,,Branding II,,,,,nonviolence,,,,,
,,,,,,,,,,,,,,,,,,,,,,,,,,,,,,,,,,,,,,,,Carbon Sequestration,,,,,,,,,,,,,,,Sports Medicine,,,,,,Social Branding,,,,,medical law,,,,,
,,,,,,,,,,,,,,,,,,,,,,,,,,,,,,,,,,,,,,,,Satellite Remote Sensing,,,,,,,,,,,,,,,General Surgery and Specialties,,,,,,Marketing Analytics,,,,,community law,,,,,
,,,,,,,,,,,,,,,,,,,,,,,,,,,,,,,,,,,,,,,,Geomicrobiology,,,,,,,,,,,,,,,Surgery,,,,,,Consumer Behavior,,,,,criminal law,,,,,
,,,,,,,,,,,,,,,,,,,,,,,,,,,,,,,,,,,,,,,,Earth Systems Data Analysis,,,,,,,,,,,,,,,Surgery Case Files,,,,,,Monetization,,,,,criminal defense,,,,,
,,,,,,,,,,,,,,,,,,,,,,,,,,,,,,,,,,,,,,,,Agrecology,,,,,,,,,,,,,,,Developmental Pediatrics,,,,,,Persuation,,,,,criminal prosecution,,,,,
,,,,,,,,,,,,,,,,,,,,,,,,,,,,,,,,,,,,,,,,Sustainable Development,,,,,,,,,,,,,,,Adolescent Medicine,,,,,,Algorithmic Marketing,,,,,environmental law,,,,,
,,,,,,,,,,,,,,,,,,,,,,,,,,,,,,,,,,,,,,,,Geothermal Reservoir Engineering,,,,,,,,,,,,,,,Pediatric Allergy and Immunology,,,,,,Marketing Communications,,,,,climate and climate change law,,,,,
,,,,,,,,,,,,,,,,,,,,,,,,,,,,,,,,,,,,,,,,Geostatistics,,,,,,,,,,,,,,,Pediatric Emergency Medicine,,,,,,Marketing Decision Models,,,,,constitutional law,,,,,
,,,,,,,,,,,,,,,,,,,,,,,,,,,,,,,,,,,,,,,,Coastal Ecosystems,,,,,,,,,,,,,,,Pediatric Endocrinology,,,,,,Sales,,,,,civil law,,,,,
,,,,,,,,,,,,,,,,,,,,,,,,,,,,,,,,,,,,,,,,Meteorology,,,,,,,,,,,,,,,Pediatric Gastroenterology,,,,,,Optimization and Simulation Modeling,,,,,tenant law,,,,,
,,,,,,,,,,,,,,,,,,,,,,,,,,,,,,,,,,,,,,,,Sediment,,,,,,,,,,,,,,,Pediatric Hematology,,,,,,Operations,,,,,property law,,,,,
,,,,,,,,,,,,,,,,,,,,,,,,,,,,,,,,,,,,,,,,Geophysics and Geosequestration,,,,,,,,,,,,,,,Pediatric Surgery,,,,,,Global Operations Management,,,,,immigration law,,,,,
,,,,,,,,,,,,,,,,,,,,,,,,,,,,,,,,,,,,,,,,Seismic Reservoir Characterization,,,,,,,,,,,,,,,Pediatric Nephrology,,,,,,Operations Research,,,,,international human rights and conflict,,,,,
,,,,,,,,,,,,,,,,,,,,,,,,,,,,,,,,,,,,,,,,Reservoir Engineering,,,,,,,,,,,,,,,Pediatric Infectious Diseases,,,,,,Revenue Management and Dynamic Pricing,,,,,intellectual property,,,,,
,,,,,,,,,,,,,,,,,,,,,,,,,,,,,,,,,,,,,,,,Seismology,,,,,,,,,,,,,,,Pediatric Rheumatology,,,,,,Behavioral Operations Management,,,,,organizations and transactions,,,,,
,,,,,,,,,,,,,,,,,,,,,,,,,,,,,,,,,,,,,,,,Oil and Gas Engineering,,,,,,,,,,,,,,,Pediatric Respiratory Medicine,,,,,,Inventory Management,,,,,religious freedom,,,,,
,,,,,,,,,,,,,,,,,,,,,,,,,,,,,,,,,,,,,,,,Multiphase Heat Transfer and Flow,,,,,,,,,,,,,,,Pediatric Cardiology,,,,,,Supply Chain Management,,,,,supreme court law,,,,,
,,,,,,,,,,,,,,,,,,,,,,,,,,,,,,,,,,,,,,,,Reservoir Simulation,,,,,,,,,,,,,,,Neurology,,,,,,Inventory Control,,,,,youth and education law,,,,,
,,,,,,,,,,,,,,,,,,,,,,,,,,,,,,,,,,,,,,,,Gas Injection Processes,,,,,,,,,,,,,,,Clinical Neurology,,,,,,Queuing Theory,,,,,antitrust and monopoly law,,,,,
,,,,,,,,,,,,,,,,,,,,,,,,,,,,,,,,,,,,,,,,Oil Recovery Processes,,,,,,,,,,,,,,,Clinical Neuropathology,,,,,,Online Marketplaces,,,,,bankruptcy,,,,,
,,,,,,,,,,,,,,,,,,,,,,,,,,,,,,,,,,,,,,,,Renewable Power,,,,,,,,,,,,,,,Anesthesiology I,,,,,,Algorithmic Matching,,,,,corporate law,,,,,
,,,,,,,,,,,,,,,,,,,,,,,,,,,,,,,,,,,,,,,,Geomorphology,,,,,,,,,,,,,,,Anesthesiology II,,,,,,Organizational Behavior,,,,,venture capital,,,,,
,,,,,,,,,,,,,,,,,,,,,,,,,,,,,,,,,,,,,,,,Optimization of Energy Systems,,,,,,,,,,,,,,,Clinical Anesthesiology,,,,,,Organizational Design,,,,,contract law,,,,,
,,,,,,,,,,,,,,,,,,,,,,,,,,,,,,,,,,,,,,,,Igneous Rocks and Processes,,,,,,,,,,,,,,,Clinical Anesthesiology II,,,,,,Negotiation,,,,,finance,,,,,
,,,,,,,,,,,,,,,,,,,,,,,,,,,,,,,,,,,,,,,,Reflection Seismology,,,,,,,,,,,,,,,Anesthesiology Handbook I,,,,,,Creativity and Innovation,,,,,taxation,,,,,
,,,,,,,,,,,,,,,,,,,,,,,,,,,,,,,,,,,,,,,,Isotope Geochemistry,,,,,,,,,,,,,,,Anesthesiology Handbook II,,,,,,Leadership,,,,,corporate reorganization,,,,,
,,,,,,,,,,,,,,,,,,,,,,,,,,,,,,,,,,,,,,,,Planetary Science,,,,,,,,,,,,,,,Anesthesiology Career,,,,,,Healthcare Management,,,,,deals and deal litigation,,,,,
,,,,,,,,,,,,,,,,,,,,,,,,,,,,,,,,,,,,,,,,Geodynamics,,,,,,,,,,,,,,,Colorectal Surgery,,,,,,Organizational Culture,,,,,derivatives and stock trading,,,,,
,,,,,,,,,,,,,,,,,,,,,,,,,,,,,,,,,,,,,,,,Petroleum Engineering,,,,,,,,,,,,,,,Colorectal Surgery Handbook,,,,,,Interpersonal Dynamics,,,,,sports,,,,,
,,,,,,,,,,,,,,,,,,,,,,,,,,,,,,,,,,,,,,,,Tectonophysics,,,,,,,,,,,,,,,Clinical Dermatology,,,,,,Conflict Management,,,,,entertainment,,,,,
,,,,,,,,,,,,,,,,,,,,,,,,,,,,,,,,,,,,,,,,Instabilities in Multiphase Flows,,,,,,,,,,,,,,,Dermatology Handbook,,,,,,Organizational Ecology,,,,,estates,,,,,
,,,,,,,,,,,,,,,,,,,,,,,,,,,,,,,,,,,,,,,,Field Geophysics,,,,,,,,,,,,,,,Emergency Medicine,,,,,,Career Development,,,,,international taxes,,,,,
,,,,,,,,,,,,,,,,,,,,,,,,,,,,,,,,,,,,,,,,Planetary Surface Processes,,,,,,,,,,,,,,,Emergency Medicine Handbook,,,,,,Economic Sociology,,,,,international securities,,,,,
,,,,,,,,,,,,,,,,,,,,,,,,,,,,,,,,,,,,,,,,Borehole Seismic Processes,,,,,,,,,,,,,,,Emergency General Surgery,,,,,,Social Network Analysis,,,,,private equity,,,,,
,,,,,,,,,,,,,,,,,,,,,,,,,,,,,,,,,,,,,,,,Geophysical Wave Propagation,,,,,,,,,,,,,,,ICU Medicine,,,,,,Social Movements,,,,,securities litigation and regulation,,,,,
,,,,,,,,,,,,,,,,,,,,,,,,,,,,,,,,,,,,,,,,Glaciology,,,,,,,,,,,,,,,Inpatient Endocrinology,,,,,,Advanced Organizational Behavior,,,,,partnerships,,,,,
,,,,,,,,,,,,,,,,,,,,,,,,,,,,,,,,,,,,,,,,Enhanced Surface Imaging of Crustal Deformation,,,,,,,,,,,,,,,Endocrinology and Diabetes Handbook,,,,,,Social Psychology of Organizations,,,,,business,,,,,
,,,,,,,,,,,,,,,,,,,,,,,,,,,,,,,,,,,,,,,,Extra Solar Planets,,,,,,,,,,,,,,,Infectious Diseases,,,,,,Organizational Behavior Processes,,,,,banking,,,,,
,,,,,,,,,,,,,,,,,,,,,,,,,,,,,,,,,,,,,,,,Near Surface Geophysics,,,,,,,,,,,,,,,Global Infectious Disease,,,,,,Strategic Leadership,,,,,trusts,,,,,
,,,,,,,,,,,,,,,,,,,,,,,,,,,,,,,,,,,,,,,,3D Seismic Imaging,,,,,,,,,,,,,,,Infectious Diseases Microbiology,,,,,,Managerial Skills I,,,,,real estate,,,,,
,,,,,,,,,,,,,,,,,,,,,,,,,,,,,,,,,,,,,,,,Physical Geology,,,,,,,,,,,,,,,Radiology,,,,,,Managerial Skills II,,,,,mergers and acquisitions,,,,,
,,,,,,,,,,,,,,,,,,,,,,,,,,,,,,,,,,,,,,,,Rock Physics,,,,,,,,,,,,,,,Radiology Handbook,,,,,,Strategic Management,,,,,blockchain and cryptocurrencies,,,,,
,,,,,,,,,,,,,,,,,,,,,,,,,,,,,,,,,,,,,,,,Terrestrial Ecosystems,,,,,,,,,,,,,,,Vascular and Interventional Radiology,,,,,,Product Management,,,,,commercial law,,,,,
,,,,,,,,,,,,,,,,,,,,,,,,,,,,,,,,,,,,,,,,Renewable Energy in Power Systems,,,,,,,,,,,,,,,Interventional Radiology,,,,,,Social Entrepreneurship,,,,,corporate governance,,,,,
,,,,,,,,,,,,,,,,,,,,,,,,,,,,,,,,,,,,,,,,Marine Chemistry,,,,,,,,,,,,,,,Neuroradiology,,,,,,Global Value Chains,,,,,startup law,,,,,
,,,,,,,,,,,,,,,,,,,,,,,,,,,,,,,,,,,,,,,,Soil Science,,,,,,,,,,,,,,,Clinical Nephrology,,,,,,Professional Sales Organizations,,,,,payments,,,,,
,,,,,,,,,,,,,,,,,,,,,,,,,,,,,,,,,,,,,,,,,,,,,,,,,,,,,,,Nephrology Care,,,,,,Growing Businesses,,,,,dual fiduciary,,,,,
,,,,,,,,,,,,,,,,,,,,,,,,,,,,,,,,,,,,,,,,,,,,,,,,,,,,,,,Nephrology Handbook,,,,,,Product Market Fit,,,,,nonprofits,,,,,
,,,,,,,,,,,,,,,,,,,,,,,,,,,,,,,,,,,,,,,,,,,,,,,,,,,,,,,Neurosurgery,,,,,,Nonprofit Strategic Management,,,,,regulatory economics,,,,,
,,,,,,,,,,,,,,,,,,,,,,,,,,,,,,,,,,,,,,,,,,,,,,,,,,,,,,,Neurosurgery Handbook,,,,,,Family Business,,,,,capital markets,,,,,
,,,,,,,,,,,,,,,,,,,,,,,,,,,,,,,,,,,,,,,,,,,,,,,,,,,,,,,Opthalmology,,,,,,Innovators Dilemma,,,,,public policy,,,,,
,,,,,,,,,,,,,,,,,,,,,,,,,,,,,,,,,,,,,,,,,,,,,,,,,,,,,,,Opthalmology Handbook,,,,,,Marketplaces,,,,,"race, class, and caste",,,,,
,,,,,,,,,,,,,,,,,,,,,,,,,,,,,,,,,,,,,,,,,,,,,,,,,,,,,,,Orthopedic Surgery,,,,,,Scaling Excellence,,,,,reform,,,,,
,,,,,,,,,,,,,,,,,,,,,,,,,,,,,,,,,,,,,,,,,,,,,,,,,,,,,,,Orthopedic Surgery Techniques,,,,,,Strategic Thinking I,,,,,criminal justice,,,,,
,,,,,,,,,,,,,,,,,,,,,,,,,,,,,,,,,,,,,,,,,,,,,,,,,,,,,,,Oral Maxillofacial Surgery,,,,,,Strategic Thinking II,,,,,criminal reform,,,,,
,,,,,,,,,,,,,,,,,,,,,,,,,,,,,,,,,,,,,,,,,,,,,,,,,,,,,,,Oral and Maxillofacial Surgery Handbook,,,,,,Managerial Economics,,,,,white collar crime,,,,,
,,,,,,,,,,,,,,,,,,,,,,,,,,,,,,,,,,,,,,,,,,,,,,,,,,,,,,,Otorhinolaryngology,,,,,,Economic Policy,,,,,sentencing and corrections,,,,,
,,,,,,,,,,,,,,,,,,,,,,,,,,,,,,,,,,,,,,,,,,,,,,,,,,,,,,,Otolaryngology,,,,,,Bargaining Theory,,,,,financial crises,,,,,
,,,,,,,,,,,,,,,,,,,,,,,,,,,,,,,,,,,,,,,,,,,,,,,,,,,,,,,Otorhinolaryngology Handbook I,,,,,,Global Management Economics,,,,,violence,,,,,
,,,,,,,,,,,,,,,,,,,,,,,,,,,,,,,,,,,,,,,,,,,,,,,,,,,,,,,Otorhinolaryngology Handbook II,,,,,,Decision Theory,,,,,wrongful convictions,,,,,
,,,,,,,,,,,,,,,,,,,,,,,,,,,,,,,,,,,,,,,,,,,,,,,,,,,,,,,Otorhinolaryngology Handbook III,,,,,,Urban Economics,,,,,energy law,,,,,
,,,,,,,,,,,,,,,,,,,,,,,,,,,,,,,,,,,,,,,,,,,,,,,,,,,,,,,Advanced Otolaryngology,,,,,,Industrial Organization,,,,,land use law,,,,,
,,,,,,,,,,,,,,,,,,,,,,,,,,,,,,,,,,,,,,,,,,,,,,,,,,,,,,,Palliative Care,,,,,,Personnel Economics,,,,,natural resources law,,,,,
,,,,,,,,,,,,,,,,,,,,,,,,,,,,,,,,,,,,,,,,,,,,,,,,,,,,,,,Palliative Care Handbook,,,,,,Disruptive Innovation,,,,,water law,,,,,
,,,,,,,,,,,,,,,,,,,,,,,,,,,,,,,,,,,,,,,,,,,,,,,,,,,,,,,Pulmonology,,,,,,,,,,,clean energy law,,,,,
,,,,,,,,,,,,,,,,,,,,,,,,,,,,,,,,,,,,,,,,,,,,,,,,,,,,,,,Respiratory Medicine Handbook,,,,,,,,,,,urban law,,,,,
,,,,,,,,,,,,,,,,,,,,,,,,,,,,,,,,,,,,,,,,,,,,,,,,,,,,,,,Rheumatology,,,,,,,,,,,sustainability law,,,,,
,,,,,,,,,,,,,,,,,,,,,,,,,,,,,,,,,,,,,,,,,,,,,,,,,,,,,,,Rheumatology Handbook,,,,,,,,,,,environmental justice,,,,,
,,,,,,,,,,,,,,,,,,,,,,,,,,,,,,,,,,,,,,,,,,,,,,,,,,,,,,,Urology,,,,,,,,,,,private environmental governance,,,,,
,,,,,,,,,,,,,,,,,,,,,,,,,,,,,,,,,,,,,,,,,,,,,,,,,,,,,,,Urology Handbook,,,,,,,,,,,health law,,,,,
,,,,,,,,,,,,,,,,,,,,,,,,,,,,,,,,,,,,,,,,,,,,,,,,,,,,,,,Vascular Surgery,,,,,,,,,,,health finance and insurance,,,,,
,,,,,,,,,,,,,,,,,,,,,,,,,,,,,,,,,,,,,,,,,,,,,,,,,,,,,,,Vascular Surgery Handbook,,,,,,,,,,,health safety and quality of care,,,,,
,,,,,,,,,,,,,,,,,,,,,,,,,,,,,,,,,,,,,,,,,,,,,,,,,,,,,,,Thoracic Surgery,,,,,,,,,,,drugs,,,,,
,,,,,,,,,,,,,,,,,,,,,,,,,,,,,,,,,,,,,,,,,,,,,,,,,,,,,,,Thoracic Surgery Handbook,,,,,,,,,,,genetics,,,,,
,,,,,,,,,,,,,,,,,,,,,,,,,,,,,,,,,,,,,,,,,,,,,,,,,,,,,,,,,,,,,,,,,,public health,,,,,
,,,,,,,,,,,,,,,,,,,,,,,,,,,,,,,,,,,,,,,,,,,,,,,,,,,,,,,,,,,,,,,,,,mental health,,,,,
,,,,,,,,,,,,,,,,,,,,,,,,,,,,,,,,,,,,,,,,,,,,,,,,,,,,,,,,,,,,,,,,,,biomedical innovation,,,,,
,,,,,,,,,,,,,,,,,,,,,,,,,,,,,,,,,,,,,,,,,,,,,,,,,,,,,,,,,,,,,,,,,,risk and liability,,,,,
,,,,,,,,,,,,,,,,,,,,,,,,,,,,,,,,,,,,,,,,,,,,,,,,,,,,,,,,,,,,,,,,,,art,,,,,
,,,,,,,,,,,,,,,,,,,,,,,,,,,,,,,,,,,,,,,,,,,,,,,,,,,,,,,,,,,,,,,,,,communications law,,,,,
,,,,,,,,,,,,,,,,,,,,,,,,,,,,,,,,,,,,,,,,,,,,,,,,,,,,,,,,,,,,,,,,,,net neutrality,,,,,
,,,,,,,,,,,,,,,,,,,,,,,,,,,,,,,,,,,,,,,,,,,,,,,,,,,,,,,,,,,,,,,,,,copyright,,,,,
,,,,,,,,,,,,,,,,,,,,,,,,,,,,,,,,,,,,,,,,,,,,,,,,,,,,,,,,,,,,,,,,,,licensing,,,,,
,,,,,,,,,,,,,,,,,,,,,,,,,,,,,,,,,,,,,,,,,,,,,,,,,,,,,,,,,,,,,,,,,,patent law,,,,,
,,,,,,,,,,,,,,,,,,,,,,,,,,,,,,,,,,,,,,,,,,,,,,,,,,,,,,,,,,,,,,,,,,trademarks,,,,,
,,,,,,,,,,,,,,,,,,,,,,,,,,,,,,,,,,,,,,,,,,,,,,,,,,,,,,,,,,,,,,,,,,unfair competition,,,,,
,,,,,,,,,,,,,,,,,,,,,,,,,,,,,,,,,,,,,,,,,,,,,,,,,,,,,,,,,,,,,,,,,,information privacy,,,,,
,,,,,,,,,,,,,,,,,,,,,,,,,,,,,,,,,,,,,,,,,,,,,,,,,,,,,,,,,,,,,,,,,,surveillance,,,,,
,,,,,,,,,,,,,,,,,,,,,,,,,,,,,,,,,,,,,,,,,,,,,,,,,,,,,,,,,,,,,,,,,,defamation,,,,,
,,,,,,,,,,,,,,,,,,,,,,,,,,,,,,,,,,,,,,,,,,,,,,,,,,,,,,,,,,,,,,,,,,emotional distress,,,,,
,,,,,,,,,,,,,,,,,,,,,,,,,,,,,,,,,,,,,,,,,,,,,,,,,,,,,,,,,,,,,,,,,,privacy,,,,,
,,,,,,,,,,,,,,,,,,,,,,,,,,,,,,,,,,,,,,,,,,,,,,,,,,,,,,,,,,,,,,,,,,computational law,,,,,
,,,,,,,,,,,,,,,,,,,,,,,,,,,,,,,,,,,,,,,,,,,,,,,,,,,,,,,,,,,,,,,,,,free speech,,,,,
,,,,,,,,,,,,,,,,,,,,,,,,,,,,,,,,,,,,,,,,,,,,,,,,,,,,,,,,,,,,,,,,,,internet and telephony,,,,,
,,,,,,,,,,,,,,,,,,,,,,,,,,,,,,,,,,,,,,,,,,,,,,,,,,,,,,,,,,,,,,,,,,trade secrets,,,,,
,,,,,,,,,,,,,,,,,,,,,,,,,,,,,,,,,,,,,,,,,,,,,,,,,,,,,,,,,,,,,,,,,,video games,,,,,
,,,,,,,,,,,,,,,,,,,,,,,,,,,,,,,,,,,,,,,,,,,,,,,,,,,,,,,,,,,,,,,,,,disruptive tech,,,,,
,,,,,,,,,,,,,,,,,,,,,,,,,,,,,,,,,,,,,,,,,,,,,,,,,,,,,,,,,,,,,,,,,,negotiation,,,,,
,,,,,,,,,,,,,,,,,,,,,,,,,,,,,,,,,,,,,,,,,,,,,,,,,,,,,,,,,,,,,,,,,,cybersecurity,,,,,
,,,,,,,,,,,,,,,,,,,,,,,,,,,,,,,,,,,,,,,,,,,,,,,,,,,,,,,,,,,,,,,,,,artificial intelligence law,,,,,
,,,,,,,,,,,,,,,,,,,,,,,,,,,,,,,,,,,,,,,,,,,,,,,,,,,,,,,,,,,,,,,,,,international investment,,,,,
,,,,,,,,,,,,,,,,,,,,,,,,,,,,,,,,,,,,,,,,,,,,,,,,,,,,,,,,,,,,,,,,,,trade law,,,,,
,,,,,,,,,,,,,,,,,,,,,,,,,,,,,,,,,,,,,,,,,,,,,,,,,,,,,,,,,,,,,,,,,,economic development,,,,,
,,,,,,,,,,,,,,,,,,,,,,,,,,,,,,,,,,,,,,,,,,,,,,,,,,,,,,,,,,,,,,,,,,economic law,,,,,
,,,,,,,,,,,,,,,,,,,,,,,,,,,,,,,,,,,,,,,,,,,,,,,,,,,,,,,,,,,,,,,,,,poverty law,,,,,
,,,,,,,,,,,,,,,,,,,,,,,,,,,,,,,,,,,,,,,,,,,,,,,,,,,,,,,,,,,,,,,,,,corruption,,,,,
,,,,,,,,,,,,,,,,,,,,,,,,,,,,,,,,,,,,,,,,,,,,,,,,,,,,,,,,,,,,,,,,,,human trafficking,,,,,
,,,,,,,,,,,,,,,,,,,,,,,,,,,,,,,,,,,,,,,,,,,,,,,,,,,,,,,,,,,,,,,,,,state building,,,,,
,,,,,,,,,,,,,,,,,,,,,,,,,,,,,,,,,,,,,,,,,,,,,,,,,,,,,,,,,,,,,,,,,,animal law,,,,,
,,,,,,,,,,,,,,,,,,,,,,,,,,,,,,,,,,,,,,,,,,,,,,,,,,,,,,,,,,,,,,,,,,bystandards and upstanders,,,,,
,,,,,,,,,,,,,,,,,,,,,,,,,,,,,,,,,,,,,,,,,,,,,,,,,,,,,,,,,,,,,,,,,,administrative law,,,,,
,,,,,,,,,,,,,,,,,,,,,,,,,,,,,,,,,,,,,,,,,,,,,,,,,,,,,,,,,,,,,,,,,,disability law,,,,,
,,,,,,,,,,,,,,,,,,,,,,,,,,,,,,,,,,,,,,,,,,,,,,,,,,,,,,,,,,,,,,,,,,employment discrimination,,,,,
,,,,,,,,,,,,,,,,,,,,,,,,,,,,,,,,,,,,,,,,,,,,,,,,,,,,,,,,,,,,,,,,,,family law,,,,,
,,,,,,,,,,,,,,,,,,,,,,,,,,,,,,,,,,,,,,,,,,,,,,,,,,,,,,,,,,,,,,,,,,food law,,,,,
,,,,,,,,,,,,,,,,,,,,,,,,,,,,,,,,,,,,,,,,,,,,,,,,,,,,,,,,,,,,,,,,,,employment law,,,,,
,,,,,,,,,,,,,,,,,,,,,,,,,,,,,,,,,,,,,,,,,,,,,,,,,,,,,,,,,,,,,,,,,,campaigning law,,,,,
,,,,,,,,,,,,,,,,,,,,,,,,,,,,,,,,,,,,,,,,,,,,,,,,,,,,,,,,,,,,,,,,,,reproductive law,,,,,
,,,,,,,,,,,,,,,,,,,,,,,,,,,,,,,,,,,,,,,,,,,,,,,,,,,,,,,,,,,,,,,,,,statutory law and interpretation,,,,,
,,,,,,,,,,,,,,,,,,,,,,,,,,,,,,,,,,,,,,,,,,,,,,,,,,,,,,,,,,,,,,,,,,strategic litigation for racial justice,,,,,
,,,,,,,,,,,,,,,,,,,,,,,,,,,,,,,,,,,,,,,,,,,,,,,,,,,,,,,,,,,,,,,,,,toxic harms,,,,,
,,,,,,,,,,,,,,,,,,,,,,,,,,,,,,,,,,,,,,,,,,,,,,,,,,,,,,,,,,,,,,,,,,anti discrimination law,,,,,
,,,,,,,,,,,,,,,,,,,,,,,,,,,,,,,,,,,,,,,,,,,,,,,,,,,,,,,,,,,,,,,,,,children and the law,,,,,
,,,,,,,,,,,,,,,,,,,,,,,,,,,,,,,,,,,,,,,,,,,,,,,,,,,,,,,,,,,,,,,,,,youth and the law,,,,,
,,,,,,,,,,,,,,,,,,,,,,,,,,,,,,,,,,,,,,,,,,,,,,,,,,,,,,,,,,,,,,,,,,accounting law,,,,,
,,,,,,,,,,,,,,,,,,,,,,,,,,,,,,,,,,,,,,,,,,,,,,,,,,,,,,,,,,,,,,,,,,dispute systems,,,,,
,,,,,,,,,,,,,,,,,,,,,,,,,,,,,,,,,,,,,,,,,,,,,,,,,,,,,,,,,,,,,,,,,,facilitation,,,,,
,,,,,,,,,,,,,,,,,,,,,,,,,,,,,,,,,,,,,,,,,,,,,,,,,,,,,,,,,,,,,,,,,,legal research,,,,,
,,,,,,,,,,,,,,,,,,,,,,,,,,,,,,,,,,,,,,,,,,,,,,,,,,,,,,,,,,,,,,,,,,business transactions,,,,,
,,,,,,,,,,,,,,,,,,,,,,,,,,,,,,,,,,,,,,,,,,,,,,,,,,,,,,,,,,,,,,,,,,adjudication,,,,,
,,,,,,,,,,,,,,,,,,,,,,,,,,,,,,,,,,,,,,,,,,,,,,,,,,,,,,,,,,,,,,,,,,investigation,,,,,
,,,,,,,,,,,,,,,,,,,,,,,,,,,,,,,,,,,,,,,,,,,,,,,,,,,,,,,,,,,,,,,,,,criminal procedure,,,,,
,,,,,,,,,,,,,,,,,,,,,,,,,,,,,,,,,,,,,,,,,,,,,,,,,,,,,,,,,,,,,,,,,,civil procedure,,,,,
,,,,,,,,,,,,,,,,,,,,,,,,,,,,,,,,,,,,,,,,,,,,,,,,,,,,,,,,,,,,,,,,,,litigation,,,,,
,,,,,,,,,,,,,,,,,,,,,,,,,,,,,,,,,,,,,,,,,,,,,,,,,,,,,,,,,,,,,,,,,,alternative dispute resolution,,,,,
,,,,,,,,,,,,,,,,,,,,,,,,,,,,,,,,,,,,,,,,,,,,,,,,,,,,,,,,,,,,,,,,,,Arbitration,,,,,
,,,,,,,,,,,,,,,,,,,,,,,,,,,,,,,,,,,,,,,,,,,,,,,,,,,,,,,,,,,,,,,,,,Conciliation,,,,,
,,,,,,,,,,,,,,,,,,,,,,,,,,,,,,,,,,,,,,,,,,,,,,,,,,,,,,,,,,,,,,,,,,Mediation,,,,,
,,,,,,,,,,,,,,,,,,,,,,,,,,,,,,,,,,,,,,,,,,,,,,,,,,,,,,,,,,,,,,,,,,Negotiation,,,,,
,,,,,,,,,,,,,,,,,,,,,,,,,,,,,,,,,,,,,,,,,,,,,,,,,,,,,,,,,,,,,,,,,,Collaborative law,,,,,
,,,,,,,,,,,,,,,,,,,,,,,,,,,,,,,,,,,,,,,,,,,,,,,,,,,,,,,,,,,,,,,,,,Conflict resolution,,,,,
,,,,,,,,,,,,,,,,,,,,,,,,,,,,,,,,,,,,,,,,,,,,,,,,,,,,,,,,,,,,,,,,,,Dispute resolution,,,,,
,,,,,,,,,,,,,,,,,,,,,,,,,,,,,,,,,,,,,,,,,,,,,,,,,,,,,,,,,,,,,,,,,,Lawyer-supported mediation,,,,,
,,,,,,,,,,,,,,,,,,,,,,,,,,,,,,,,,,,,,,,,,,,,,,,,,,,,,,,,,,,,,,,,,,Party-directed mediation,,,,,
,,,,,,,,,,,,,,,,,,,,,,,,,,,,,,,,,,,,,,,,,,,,,,,,,,,,,,,,,,,,,,,,,,Restorative justice,,,,,
,,,,,,,,,,,,,,,,,,,,,,,,,,,,,,,,,,,,,,,,,,,,,,,,,,,,,,,,,,,,,,,,,,due process,,,,,
,,,,,,,,,,,,,,,,,,,,,,,,,,,,,,,,,,,,,,,,,,,,,,,,,,,,,,,,,,,,,,,,,,habeas corpus,,,,,
,,,,,,,,,,,,,,,,,,,,,,,,,,,,,,,,,,,,,,,,,,,,,,,,,,,,,,,,,,,,,,,,,,legal proceedings,,,,,
,,,,,,,,,,,,,,,,,,,,,,,,,,,,,,,,,,,,,,,,,,,,,,,,,,,,,,,,,,,,,,,,,,service of process,,,,,
,,,,,,,,,,,,,,,,,,,,,,,,,,,,,,,,,,,,,,,,,,,,,,,,,,,,,,,,,,,,,,,,,,trial,,,,,
,,,,,,,,,,,,,,,,,,,,,,,,,,,,,,,,,,,,,,,,,,,,,,,,,,,,,,,,,,,,,,,,,,lawsuit,,,,,
,,,,,,,,,,,,,,,,,,,,,,,,,,,,,,,,,,,,,,,,,,,,,,,,,,,,,,,,,,,,,,,,,,criminal trial,,,,,
,,,,,,,,,,,,,,,,,,,,,,,,,,,,,,,,,,,,,,,,,,,,,,,,,,,,,,,,,,,,,,,,,,court orders,,,,,
,,,,,,,,,,,,,,,,,,,,,,,,,,,,,,,,,,,,,,,,,,,,,,,,,,,,,,,,,,,,,,,,,,foreclosure,,,,,
,,,,,,,,,,,,,,,,,,,,,,,,,,,,,,,,,,,,,,,,,,,,,,,,,,,,,,,,,,,,,,,,,,receivership,,,,,
,,,,,,,,,,,,,,,,,,,,,,,,,,,,,,,,,,,,,,,,,,,,,,,,,,,,,,,,,,,,,,,,,,hearings,,,,,
,,,,,,,,,,,,,,,,,,,,,,,,,,,,,,,,,,,,,,,,,,,,,,,,,,,,,,,,,,,,,,,,,,administrative hearings,,,,,
,,,,,,,,,,,,,,,,,,,,,,,,,,,,,,,,,,,,,,,,,,,,,,,,,,,,,,,,,,,,,,,,,,arbitration,,,,,
,,,,,,,,,,,,,,,,,,,,,,,,,,,,,,,,,,,,,,,,,,,,,,,,,,,,,,,,,,,,,,,,,,impeachment,,,,,
,,,,,,,,,,,,,,,,,,,,,,,,,,,,,,,,,,,,,,,,,,,,,,,,,,,,,,,,,,,,,,,,,,legal process outsourcing,,,,,
,,,,,,,,,,,,,,,,,,,,,,,,,,,,,,,,,,,,,,,,,,,,,,,,,,,,,,,,,,,,,,,,,,procedural law,,,,,
,,,,,,,,,,,,,,,,,,,,,,,,,,,,,,,,,,,,,,,,,,,,,,,,,,,,,,,,,,,,,,,,,,trial,,,,,
,,,,,,,,,,,,,,,,,,,,,,,,,,,,,,,,,,,,,,,,,,,,,,,,,,,,,,,,,,,,,,,,,,filing charges,,,,,
,,,,,,,,,,,,,,,,,,,,,,,,,,,,,,,,,,,,,,,,,,,,,,,,,,,,,,,,,,,,,,,,,,dropping charges,,,,,
,,,,,,,,,,,,,,,,,,,,,,,,,,,,,,,,,,,,,,,,,,,,,,,,,,,,,,,,,,,,,,,,,,jurisdiction,,,,,
,,,,,,,,,,,,,,,,,,,,,,,,,,,,,,,,,,,,,,,,,,,,,,,,,,,,,,,,,,,,,,,,,,jury,,,,,
,,,,,,,,,,,,,,,,,,,,,,,,,,,,,,,,,,,,,,,,,,,,,,,,,,,,,,,,,,,,,,,,,,judgement,,,,,
,,,,,,,,,,,,,,,,,,,,,,,,,,,,,,,,,,,,,,,,,,,,,,,,,,,,,,,,,,,,,,,,,,acquittal,,,,,
,,,,,,,,,,,,,,,,,,,,,,,,,,,,,,,,,,,,,,,,,,,,,,,,,,,,,,,,,,,,,,,,,,conviction,,,,,
,,,,,,,,,,,,,,,,,,,,,,,,,,,,,,,,,,,,,,,,,,,,,,,,,,,,,,,,,,,,,,,,,,retrial,,,,,
,,,,,,,,,,,,,,,,,,,,,,,,,,,,,,,,,,,,,,,,,,,,,,,,,,,,,,,,,,,,,,,,,,civil law,,,,,
,,,,,,,,,,,,,,,,,,,,,,,,,,,,,,,,,,,,,,,,,,,,,,,,,,,,,,,,,,,,,,,,,,common law,,,,,
,,,,,,,,,,,,,,,,,,,,,,,,,,,,,,,,,,,,,,,,,,,,,,,,,,,,,,,,,,,,,,,,,,customary law,,,,,
,,,,,,,,,,,,,,,,,,,,,,,,,,,,,,,,,,,,,,,,,,,,,,,,,,,,,,,,,,,,,,,,,,Sharia or Fiqh law,,,,,
,,,,,,,,,,,,,,,,,,,,,,,,,,,,,,,,,,,,,,,,,,,,,,,,,,,,,,,,,,,,,,,,,,Halakha law,,,,,
,,,,,,,,,,,,,,,,,,,,,,,,,,,,,,,,,,,,,,,,,,,,,,,,,,,,,,,,,,,,,,,,,,mixed systems,,,,,